Workbook

Sheet PM Tool Info Sheet
A1: Tool configuration I.D. | B1: Tool size (NPS) (in) | C1: Tool description | D1: Technology | E1: Tool type | F1: SF Item Describtion | G1: FSA Item Describtion | H1: FSA Alias | I1: Tool Body | J1: Days To Turn | K1: Data Logger Generation | L1: Nominal pipe OD (in) | M1: Min local bore (in) | N1: % DEF of OD | O1: Gauge plate size for line with <5D bends | P1: Gauge plate size for line with >5D bends | Q1: Min bend radius (multiples of pipe diameter) | R1: Min bore in 1.5D bends | S1: Min bore in 3D bends | T1: Min bore in 5D (or greater) bends | U1: Min dist. between bends (multiples of pipe diameter) | V1: Max tool velocity for sizing accuracy (ft/sec) | W1: Higher Specified Tool Velocity (ft/sec) | X1: Max wall thickness for MFL reporting accuracy at Higher Specified Tool Velocity (in) | Y1: Lower Specified Velocity (ft/sec) | Z1: Max wall thickness for MFL reporting accuracy at Lower Specified Tool Velocity (in) | AA1: Number of DEF sensors | AB1: Number of Flex MFL sensors | AC1: Number of GMFL sensors | AD1: Number of IDOD sensors | AE1: Number of K360 sensors | AF1: Number of LFM sensors | AG1: Number of LGT sensors | AH1: Number of MFL sensors | AI1: Number of RES sensors | AJ1: Number of SpirALL® MFL sensors | AK1: Number of UHR DEF sensors | AL1: Number of UHR MFL sensors | AM1: Number of Ultra Res MFL sensors | AN1: Max sampling rate (samp/sec) | AO1: Length standard config (in) | AP1: Length added for each additional battery pack (in) | AQ1: Tool weight (lb) | AR1: Weight added for each additional battery pack (lb) | AS1: Run time per alk pack (hours) | AT1: Run time per lith pack (hours) | AU1: Memory run time at 750 s/sec. (hours) | AV1: Total power (W) | AW1: Total current at 12 V supply (A) | AX1: Min pressure (psi) | AY1: Max pressure (psi) | AZ1: Specification document # | BA1: Ammonia compatible | BB1: Push in | BC1: Pull in | BD1: Vertical launch | BE1: Cassette | BF1: Strings / cell / nom volt alkaline | BG1: Strings / cell / nom volt lithium | BH1: In-Line Temperature Range (°F) | BI1: Launcher-Tool Performance Specification Dim 'A' (ft) | BJ1: Launcher-Tool Performance Specification Dim 'B' (ft) | BK1: Launcher-Tool Performance Specification Dim 'C' (ft) | BL1: Launcher-Tool Performance Specification Dim 'D' (in) | BM1: Launcher-Tool Performance Specification Dim 'E' (ft) | BN1: Launcher-Tool Performance Specification Dim 'F' (ft) | BO1: Receiver-Tool Performance Specification Dim 'A' (ft) | BP1: Receiver-Tool Performance Specification Dim 'B' (ft) | BQ1: Receiver-Tool Performance Specification Dim 'C' (ft) | BR1: Receiver-Tool Performance Specification Dim 'D' (in) | BS1: Receiver-Tool Performance Specification Dim 'E' (ft) | BT1: Receiver-Tool Performance Specification Dim 'F' (ft) | BU1: Min tool Launch/Receive Tray Height (in) | BV1: Max tool Launch/Receive Tray Height (in) | BW1: DRV | BX1: AMAG | BY1: DAA | BZ1: CPU | CA1: XMIT | CB1: BAT | CC1: BAT2 | CD1: SMAG | CE1: SMFL2 | CF1: EMAG | CG1: ARAA (RES) | CH1: LFM (LMAG) | CI1: GMAG | CJ1: Not for use in water | CK1: Count of Assets | CL1: Count TUL | CM1: Count SLC | CN1: Count HOU | CO1: Notes
A2: 115675 | B2: 4 | C2: 4" DEF NH3 | D2: Legacy | E2: DEF | G2: 4" DEF (NH3) | H2: DEF.04 | I2: =_xlfn.XLOOKUP(H2,'Alternative Tool Body Sheet'!A:A,'Alternative Tool Body Sheet'!C:C) -> 4 DEF | J2: =IF(ISNUMBER(SEARCH("Legacy",D2)),5, IF(OR(ISNUMBER(SEARCH("MDS",D2)),ISNUMBER(SEARCH("EMAT",D2))),7,"")) -> 5 | K2: Gen 3 | L2: 4.5 | M2: 3.5 | N2: 100 | P2: 3.875 | Q2: 3D | S2: 3.88 | U2: 3D | V2: 15 | AA2: 8 | AN2: 500 | AO2: 68 | AP2: 12 | AQ2: 52 | AR2: 10 | AT2: 10 | AV2: 3.1 | AW2: 0.26 | AX2: 375 | AY2: 2000 | AZ2: D2428 | BA2: YES | BB2: YES | BC2: YES | BD2: NO | BE2: NO | BF2: 1/6/9vdc | BG2: 1/6/21.6vdc | BH2: 14 to 131 | BI2: 6 | BJ2: 1 | BK2: 2 | BL2: 6 | BM2: 4 | BN2: 8 | BO2: 6 | BP2: 6 | BQ2: 2 | BR2: 6 | BS2: 4 | BT2: 8 | BY2: 04_610 | CJ2: FALSE | CT2: 115675 | CV2: DEF.04 | CW2: =TRIM(CV2) -> DEF.04
A3: 04_600 | B3: 4 | C3: 4" DEF - Liquid Products Only | D3: Legacy | E3: DEF | G3: 4" DEF | H3: DEF.04 | I3: =_xlfn.XLOOKUP(H3,'Alternative Tool Body Sheet'!A:A,'Alternative Tool Body Sheet'!C:C) -> 4 DEF | J3: =IF(ISNUMBER(SEARCH("Legacy",D3)),5, IF(OR(ISNUMBER(SEARCH("MDS",D3)),ISNUMBER(SEARCH("EMAT",D3))),7,"")) -> 5 | K3: Gen 3 | L3: 4.5 | M3: 3.5 | N3: 22.22 | P3: 3.875 | Q3: 3D | S3: 3.9 | T3: 3.7 | U3: 3D | V3: 15 | AA3: 8 | AN3: 500 | AO3: 61 | AP3: 12 | AQ3: 38 | AR3: 10 | AT3: 22 | AV3: 3.1 | AW3: 0.26 | AX3: 375 | AY3: 2000 | AZ3: D1018 | BA3: NO | BB3: YES | BC3: YES | BD3: NO | BE3: NO | BF3: 1/6/9vdc | BG3: 1/6/21.6vdc | BH3: 14 to 131 | BI3: 6 | BJ3: 1 | BK3: 2 | BL3: 6 | BM3: 4 | BN3: 8 | BO3: 6 | BP3: 6 | BQ3: 2 | BR3: 6 | BS3: 4 | BT3: 8 | BY3: 04_610 | CJ3: FALSE | CT3: 04_600 | CV3: DEF.04 | CW3: =TRIM(CV3) -> DEF.04
A4: 121771 | B4: 4 | C4: 4" DEF2 + IDOD | D4: Legacy | E4: DEF,IDOD | G4: 4" DEF2 + IDOD | H4: DEF.04 | I4: =_xlfn.XLOOKUP(H4,'Alternative Tool Body Sheet'!A:A,'Alternative Tool Body Sheet'!C:C) -> 4 DEF | J4: =IF(ISNUMBER(SEARCH("Legacy",D4)),5, IF(OR(ISNUMBER(SEARCH("MDS",D4)),ISNUMBER(SEARCH("EMAT",D4))),7,"")) -> 5 | K4: XHD | L4: 4.5 | M4: 3.5 | N4: 22.22 | O4: 4.25 | P4: 3.875 | Q4: 1.5D | R4: 3.86 | S4: 3.8 | T4: 3.75 | U4: 0D | V4: 15 | AA4: 16 | AD4: 16 | AN4: 750 | AO4: 43.9 | AQ4: 33.5 | AT4: 35 | AU4: 180000 | AV4: 1.4 | AW4: 0.097 | AX4: 300 | AY4: 2000 | AZ4: D2654 | BA4: NO | BB4: YES | BC4: YES | BD4: YES | BE4: NO | BF4: N/A | BG4: 4/0/14vdc | BH4: 14 to 131 | BI4: 4 | BJ4: 1 | BK4: 2 | BL4: 6 | BM4: 2 | BN4: 6 | BO4: 4 | BP4: 3 | BQ4: 2 | BR4: 6 | BS4: 2 | BT4: 6 | BU4: 12 | BY4: 04_610 | CJ4: TRUE | CT4: 121771 | CV4: DEF.04 | CW4: =TRIM(CV4) -> DEF.04
A5: 121770 | B5: 4 | C5: 4" MDS FLEX MFL2 + DEF2 | D5: MDS | E5: DEF,Flex MFL,IDOD | G5: 4" MDS FLEX MFL2+DEF2+IDOD | H5: FLEX.DEF.MFL.04 | I5: =_xlfn.XLOOKUP(H5,'Alternative Tool Body Sheet'!A:A,'Alternative Tool Body Sheet'!C:C) -> 4 MDS | J5: =IF(ISNUMBER(SEARCH("Legacy",D5)),5, IF(OR(ISNUMBER(SEARCH("MDS",D5)),ISNUMBER(SEARCH("EMAT",D5))),7,"")) -> 7 | K5: XHD | L5: 4.5 | M5: 3.6 | N5: 20 | P5: 3.875 | Q5: 1.5D | R5: 3.86 | S5: 3.75 | T5: 3.7 | U5: 0D | V5: 10 | W5: 10 | X5: 0.3 | Y5: 1 | Z5: 0.313 | AA5: 16 | AB5: 40 | AD5: 16 | AN5: 750 | AO5: 54.2 | AP5: 10.5 | AQ5: 48 | AR5: 8 | AT5: 38 | AU5: 180000 | AV5: 1.4 | AW5: 0.097 | AX5: 300 | AY5: 2000 | AZ5: D2481 | BA5: NO | BB5: YES | BC5: YES | BD5: YES | BE5: NO | BF5: 0/0/0vdc | BG5: 4/0/14vdc | BH5: 14 to 131 | BI5: 5 | BJ5: 1 | BK5: 2 | BL5: 6 | BM5: 4 | BN5: 7 | BO5: 5 | BP5: 5 | BQ5: 2 | BR5: 6 | BS5: 4 | BT5: 7 | BU5: 12 | BX5: 118211 | BY5: 116490 | CJ5: TRUE | CT5: 121770 | CV5: FLEX.DEF.MFL.04 | CW5: =TRIM(CV5) -> FLEX.DEF.MFL.04
A6: 115190 | B6: 4 | C6: 4" MFL NH3 | D6: Legacy | E6: MFL | G6: 4" MFL (NH3) | H6: MFL.04 | I6: =_xlfn.XLOOKUP(H6,'Alternative Tool Body Sheet'!A:A,'Alternative Tool Body Sheet'!C:C) -> 4 MFL | J6: =IF(ISNUMBER(SEARCH("Legacy",D6)),5, IF(OR(ISNUMBER(SEARCH("MDS",D6)),ISNUMBER(SEARCH("EMAT",D6))),7,"")) -> 5 | K6: Gen 3 | L6: 4.5 | M6: 3.6 | N6: 20 | P6: 3.875 | Q6: 3D | S6: 3.88 | T6: 3.7 | U6: 3D | V6: 10 | W6: 10 | X6: 0.25 | Y6: 1 | Z6: 0.343 | AH6: 24 | AN6: 500 | AO6: 69 | AP6: 12 | AQ6: 52 | AR6: 10 | AT6: 22 | AV6: 3.6 | AW6: 0.3 | AX6: 375 | AY6: 2000 | AZ6: D1385 | BA6: YES | BB6: YES | BC6: YES | BD6: NO | BE6: NO | BF6: 1/6/9vdc | BG6: 1/6/21.6vdc | BH6: 14 to 131 | BI6: 6 | BJ6: 1 | BK6: 2 | BL6: 6 | BM6: 4 | BN6: 8 | BO6: 6 | BP6: 6 | BQ6: 2 | BR6: 6 | BS6: 4 | BT6: 8 | BX6: 04_200 | CJ6: FALSE | CT6: 115190 | CV6: MFL.04 | CW6: =TRIM(CV6) -> MFL.04
A7: 04_001 | B7: 4 | C7: 4" MFL Liquid Products Only | D7: Legacy | E7: MFL | G7: 4" MFL | H7: MFL.04 | I7: =_xlfn.XLOOKUP(H7,'Alternative Tool Body Sheet'!A:A,'Alternative Tool Body Sheet'!C:C) -> 4 MFL | J7: =IF(ISNUMBER(SEARCH("Legacy",D7)),5, IF(OR(ISNUMBER(SEARCH("MDS",D7)),ISNUMBER(SEARCH("EMAT",D7))),7,"")) -> 5 | K7: Gen 3 | L7: 4.5 | M7: 3.6 | N7: 20 | P7: 3.875 | Q7: 3D | S7: 3.88 | T7: 3.7 | U7: 3D | V7: 10 | W7: 10 | X7: 0.25 | Y7: 1 | Z7: 0.343 | AH7: 24 | AN7: 500 | AO7: 63 | AP7: 12 | AQ7: 52 | AR7: 10 | AT7: 22 | AV7: 4.914 | AW7: 0.252 | AX7: 375 | AY7: 2000 | AZ7: D1020 | BA7: NO | BB7: YES | BC7: YES | BD7: NO | BE7: NO | BF7: 1/6/9vdc | BG7: 1/6/19.5vdc | BH7: 14 to 131 | BI7: 6 | BJ7: 1 | BK7: 2 | BL7: 6 | BM7: 4 | BN7: 8 | BO7: 6 | BP7: 6 | BQ7: 2 | BR7: 6 | BS7: 4 | BT7: 8 | BX7: 04_200 | CJ7: FALSE | CT7: 04_001 | CV7: MFL.04 | CW7: =TRIM(CV7) -> MFL.04
A8: 130095 | B8: 6 | C8: 6" MDS PRO DEF2+MFL4+SMFL+XYZ | D8: MDS | E8: DEF,IDOD,MFL,SpirALL® MFL,XYZ | G8: 6" MFL4+DEF2+SMFL+XYZ | H8: DEF.MFL.SMFL.XYZ.06 | I8: =_xlfn.XLOOKUP(H8,'Alternative Tool Body Sheet'!A:A,'Alternative Tool Body Sheet'!C:C) -> 6 MDS | J8: =IF(ISNUMBER(SEARCH("Legacy",D8)),5, IF(OR(ISNUMBER(SEARCH("MDS",D8)),ISNUMBER(SEARCH("EMAT",D8))),7,"")) -> 7 | K8: XHD | L8: 6.625 | M8: 5.5 | N8: 16.98 | P8: 5.75 | Q8: 1.5D | R8: 5.625 | S8: 5.56 | T8: 5.5 | U8: 3D | V8: 10 | W8: 10 | X8: 0.438 | Y8: 1 | Z8: 0.469 | AA8: 24 | AD8: 24 | AH8: 60 | AJ8: 160 | AN8: 750 | AO8: 101 | AP8: 13 | AQ8: 190 | AR8: 11 | AS8: 0 | AT8: 23 | AV8: 4 | AX8: 375 | AY8: 2000 | AZ8: D3712 | BA8: NO | BB8: NO | BC8: NO | BD8: NO | BE8: YES | BF8: N/A | BG8: 1/3/10.8vdc | BH8: 14 to 131 | BI8: 9 | BJ8: 1 | BK8: 2 | BL8: 8 | BM8: 4 | BN8: 12 | BO8: 9 | BP8: 9 | BQ8: 2 | BR8: 8 | BS8: 4 | BT8: 12 | BX8: 112174 | BY8: 112707 | CD8: 113045 | CJ8: TRUE | CT8: 130095 | CV8: DEF.MFL.SMFL.XYZ.06 | CW8: =TRIM(CV8) -> DEF.MFL.SMFL.XYZ.06
A9: 124750 | B9: 6 | C9: 6" MFL+DEF (xHD) | D9: Legacy | E9: DEF,IDOD,MFL | G9: 6" MFL+DEF (xHD) | H9: DEF.MFL.06 | I9: =_xlfn.XLOOKUP(H9,'Alternative Tool Body Sheet'!A:A,'Alternative Tool Body Sheet'!C:C) -> 6 DEF | J9: =IF(ISNUMBER(SEARCH("Legacy",D9)),5, IF(OR(ISNUMBER(SEARCH("MDS",D9)),ISNUMBER(SEARCH("EMAT",D9))),7,"")) -> 5 | K9: XHD | L9: 6.625 | M9: 5.46 | Q9: 3D | S9: 5.76 | U9: 3D | V9: 10 | W9: 10 | X9: 0.344 | Y9: 1 | Z9: 0.344 | AA9: 16 | AD9: 20 | AH9: 60 | AN9: 750 | AO9: 107 | AQ9: 130 | AT9: 132 | AW9: 0.88 | AX9: 375 | AY9: 2000 | AZ9: D3094 | BA9: NO | BB9: YES | BC9: YES | BD9: NO | BE9: NO | BF9: N/A | BG9: N/A | BH9: 14 to 131 | BI9: 9 | BJ9: 1 | BK9: 2 | BL9: 8 | BM9: 4 | BN9: 12 | BO9: 9 | BP9: 9 | BQ9: 2 | BR9: 8 | BS9: 4 | BT9: 12 | BX9: 06_201 | BY9: 06_6001 | CJ9: FALSE | CT9: 124750 | CV9: DEF.MFL.06 | CW9: =TRIM(CV9) -> DEF.MFL.06
A10: 129713 | B10: 6 | C10: 6" MDS FLEX DEF2+MFL4+XYZ | D10: MDS | E10: DEF,Flex MFL,IDOD,XYZ | G10: 6" MDS FLEX MFL4+DEF2+XYZ | H10: FLEX.DEF.MFL.XYZ.06 | I10: =_xlfn.XLOOKUP(H10,'Alternative Tool Body Sheet'!A:A,'Alternative Tool Body Sheet'!C:C) -> 6 MDS | J10: =IF(ISNUMBER(SEARCH("Legacy",D10)),5, IF(OR(ISNUMBER(SEARCH("MDS",D10)),ISNUMBER(SEARCH("EMAT",D10))),7,"")) -> 7 | K10: XHD | L10: 6.625 | M10: 5.5 | N10: 16.98 | O10: 5.75 | P10: 5.75 | Q10: 1.5D | R10: 5.625 | S10: 5.5 | T10: 5.5 | U10: 3D | V10: 10 | W10: 10 | X10: 0.438 | Y10: 1 | Z10: 0.469 | AA10: 24 | AB10: 60 | AD10: 24 | AN10: 750 | AO10: 74 | AP10: 13 | AQ10: 115 | AR10: 11 | AT10: 23 | AX10: 200 | AY10: 2000 | AZ10: D3713 | BA10: NO | BB10: NO | BC10: NO | BD10: NO | BE10: YES | BF10: N/A | BG10: N/A | BH10: 14 to 131 | BI10: 7 | BJ10: 1 | BK10: 2 | BL10: 8 | BM10: 4 | BN10: 9 | BO10: 7 | BP10: 7 | BQ10: 2 | BR10: 8 | BS10: 4 | BT10: 9 | BX10: 112174 | BY10: 112707 | CJ10: FALSE | CT10: 129713 | CV10: FLEX.DEF.MFL.XYZ.06 | CW10: =TRIM(CV10) -> FLEX.DEF.MFL.XYZ.06
A11: 06_6000 | B11: 6 | C11: 6" DEF | D11: Legacy | E11: DEF | G11: 6" DEF (1.5D) | H11: DEF.06 | I11: =_xlfn.XLOOKUP(H11,'Alternative Tool Body Sheet'!A:A,'Alternative Tool Body Sheet'!C:C) -> 6 DEF | J11: =IF(ISNUMBER(SEARCH("Legacy",D11)),5, IF(OR(ISNUMBER(SEARCH("MDS",D11)),ISNUMBER(SEARCH("EMAT",D11))),7,"")) -> 5 | K11: Gen 3 | L11: 6.625 | M11: 5.1 | N11: 23.02 | P11: 5.75 | Q11: 1.5D | R11: 5.76 | S11: 5.25 | T11: 5.1 | U11: 3D | V11: 15 | AA11: 16 | AN11: 500 | AO11: 95 | AP11: 19 | AQ11: 99 | AR11: 25 | AT11: 74 | AV11: 3.22 | AW11: 0.27 | AX11: 375 | AY11: 2000 | AZ11: D1021 | BA11: NO | BB11: YES | BC11: YES | BD11: NO | BE11: NO | BF11: 1/10/15vdc | BG11: 1/5/18vdc | BH11: 14 to 131 | BI11: 8 | BJ11: 1 | BK11: 2 | BL11: 8 | BM11: 4 | BN11: 10 | BO11: 8 | BP11: 8 | BQ11: 2 | BR11: 8 | BS11: 4 | BT11: 10 | BY11: 06_6001 | CJ11: FALSE | CT11: 06_6000 | CV11: DEF.06 | CW11: =TRIM(CV11) -> DEF.06
A12: 103829 | B12: 6 | C12: 6" LGT NH3 | D12: Legacy | E12: LGT | G12: 6" LGT Ammonia | H12: LGT.06 | I12: =_xlfn.XLOOKUP(H12,'Alternative Tool Body Sheet'!A:A,'Alternative Tool Body Sheet'!C:C) -> 6 LGT | J12: =IF(ISNUMBER(SEARCH("Legacy",D12)),5, IF(OR(ISNUMBER(SEARCH("MDS",D12)),ISNUMBER(SEARCH("EMAT",D12))),7,"")) -> 5 | K12: Gen 3 | L12: 6.625 | M12: 4.75 | N12: 28.3 | P12: 5.75 | Q12: 1.5D | R12: 5 | U12: 0D | V12: 15 | AG12: 8 | AN12: 750 | AO12: 87 | AP12: 16 | AQ12: 53 | AR12: 11 | AT12: 25 | AV12: 3.1 | AW12: 0.26 | AX12: 375 | AY12: 2000 | AZ12: D1675 | BA12: YES | BB12: NO | BC12: NO | BD12: NO | BE12: NO | BF12: N/A | BG12: 1/6/21.6vdc | BH12: 14 to 131 | BI12: 8 | BJ12: 1 | BK12: 2 | BL12: 8 | BM12: 4 | BN12: 10 | BO12: 8 | BP12: 8 | BQ12: 2 | BR12: 8 | BS12: 4 | BT12: 10 | BY12: 105683 | CJ12: FALSE | CT12: 103829 | CV12: LGT.06 | CW12: =TRIM(CV12) -> LGT.06
A13: 122434 | B13: 6 | C13: 6" MFL5 | D13: Legacy | E13: IDOD,MFL | G13: 6" MFL5 | H13: MFL.06 | I13: =_xlfn.XLOOKUP(H13,'Alternative Tool Body Sheet'!A:A,'Alternative Tool Body Sheet'!C:C) -> 6 MFL | J13: =IF(ISNUMBER(SEARCH("Legacy",D13)),5, IF(OR(ISNUMBER(SEARCH("MDS",D13)),ISNUMBER(SEARCH("EMAT",D13))),7,"")) -> 5 | K13: Gen 4 | L13: 6.625 | M13: 5.5 | O13: 5.75 | Q13: 1.5D | R13: 5.76 | U13: 0D | V13: 10 | W13: 10 | X13: 0.3 | Y13: 1 | Z13: 0.344 | AD13: 20 | AH13: 60 | AN13: 750 | AO13: 78 | AQ13: 100 | AT13: 46 | AX13: 375 | AY13: 2000 | AZ13: D2809 | BA13: NO | BB13: NO | BC13: NO | BD13: NO | BE13: NO | BF13: 1/10/15vdc | BG13: 1/5/18vdc | BH13: 14 to 131 | BI13: 7 | BJ13: 1 | BK13: 2 | BL13: 8 | BM13: 4 | BN13: 12 | BO13: 7 | BP13: 9 | BQ13: 2 | BR13: 8 | BS13: 4 | BT13: 12 | BX13: 06_201 | CJ13: FALSE | CT13: 122434 | CV13: MFL.06 | CW13: =TRIM(CV13) -> MFL.06
A14: 112200-01-00-01-01 | B14: 6 | C14: 6" MDS FLEX MFL4+DEF2 | D14: MDS | E14: DEF,Flex MFL,IDOD | G14: 6" MDS FLEX MFL4+DEF2 | H14: FLEX.DEF.MFL.06 | I14: =_xlfn.XLOOKUP(H14,'Alternative Tool Body Sheet'!A:A,'Alternative Tool Body Sheet'!C:C) -> 6 MDS | J14: =IF(ISNUMBER(SEARCH("Legacy",D14)),5, IF(OR(ISNUMBER(SEARCH("MDS",D14)),ISNUMBER(SEARCH("EMAT",D14))),7,"")) -> 7 | K14: XHD | L14: 6.625 | M14: 5.5 | N14: 16.98 | O14: 5.75 | P14: 5.75 | Q14: 1.5D | R14: 5.625 | S14: 5.5 | T14: 5.5 | U14: 3D | V14: 10 | W14: 10 | X14: 0.438 | Y14: 1 | Z14: 0.469 | AA14: 24 | AB14: 60 | AD14: 24 | AN14: 750 | AO14: 46 | AP14: 13 | AQ14: 76 | AR14: 11 | AT14: 97 | AX14: 200 | AY14: 2000 | AZ14: D2215 | BA14: NO | BB14: NO | BC14: NO | BD14: NO | BE14: YES | BF14: N/A | BG14: N/A | BH14: 14 to 131 | BI14: 4 | BJ14: 1 | BK14: 2 | BL14: 8 | BM14: 4 | BN14: 6 | BO14: 4 | BP14: 4 | BQ14: 2 | BR14: 8 | BS14: 4 | BT14: 6 | BX14: 112174 | BY14: 112707 | CJ14: TRUE | CT14: 112200-01-00-01-01 | CV14: FLEX.DEF.MFL.06 | CW14: =TRIM(CV14) -> FLEX.DEF.MFL.06
A15: 06_002 | B15: 6 | C15: 6" MFL NH3 | D15: Legacy | E15: MFL | G15: 6" MFL (NH3) | H15: MFL.06 | I15: =_xlfn.XLOOKUP(H15,'Alternative Tool Body Sheet'!A:A,'Alternative Tool Body Sheet'!C:C) -> 6 MFL | J15: =IF(ISNUMBER(SEARCH("Legacy",D15)),5, IF(OR(ISNUMBER(SEARCH("MDS",D15)),ISNUMBER(SEARCH("EMAT",D15))),7,"")) -> 5 | K15: Gen 4 | L15: 6.625 | M15: 5.46 | N15: 17.58 | P15: 5.75 | Q15: 3D | S15: 5.76 | T15: 5.64 | U15: 3D | V15: 10 | W15: 10 | X15: 0.344 | Y15: 1 | Z15: 0.344 | AH15: 60 | AN15: 500 | AO15: 97 | AP15: 19 | AQ15: 155 | AR15: 25 | AT15: 38 | AV15: 9.02 | AW15: 0.75 | AX15: 375 | AY15: 2000 | AZ15: D1028 | BA15: YES | BB15: YES | BC15: YES | BD15: NO | BE15: NO | BF15: 1/15/22.5vdc | BG15: 1/5/18vdc | BH15: 14 to 131 | BI15: 9 | BJ15: 1 | BK15: 2 | BL15: 8 | BM15: 4 | BN15: 12 | BO15: 9 | BP15: 9 | BQ15: 2 | BR15: 8 | BS15: 4 | BT15: 12 | BX15: 06_201 | CJ15: FALSE | CT15: 06_002 | CV15: MFL.06 | CW15: =TRIM(CV15) -> MFL.06
A16: 102783 | B16: 6 | C16: 6" DEF NH3 | D16: Legacy | E16: DEF | G16: 6" DEF (NH3) | H16: DEF.06 | I16: =_xlfn.XLOOKUP(H16,'Alternative Tool Body Sheet'!A:A,'Alternative Tool Body Sheet'!C:C) -> 6 DEF | J16: =IF(ISNUMBER(SEARCH("Legacy",D16)),5, IF(OR(ISNUMBER(SEARCH("MDS",D16)),ISNUMBER(SEARCH("EMAT",D16))),7,"")) -> 5 | K16: Gen 3 | L16: 6.625 | M16: 5.46 | N16: 17.58 | P16: 5.75 | Q16: 3D | S16: 5.76 | T16: 5.5 | U16: 3D | V16: 15 | AA16: 9 | AN16: 500 | AO16: 77 | AP16: 19 | AQ16: 85 | AR16: 25 | AT16: 107 | AV16: 3.22 | AW16: 0.27 | AX16: 375 | AY16: 2000 | AZ16: D1026 | BA16: YES | BB16: YES | BC16: YES | BD16: NO | BE16: NO | BF16: 1/10/15vdc | BG16: 1/5/18vdc | BH16: 14 to 131 | BI16: 7 | BJ16: 1 | BK16: 2 | BL16: 8 | BM16: 4 | BN16: 9 | BO16: 7 | BP16: 7 | BQ16: 2 | BR16: 8 | BS16: 4 | BT16: 9 | BY16: 102784 | CJ16: FALSE | CT16: 102783 | CV16: DEF.06 | CW16: =TRIM(CV16) -> DEF.06
A17: 112200-01-01-01-01 | B17: 6 | C17: 6" MFL4+DEF+SpirALL MFL | D17: MDS | E17: DEF,IDOD,MFL,SpirALL® MFL | G17: 6" MFL4+DEF2+SMFL | H17: DEF.MFL.SMFL.06 | I17: =_xlfn.XLOOKUP(H17,'Alternative Tool Body Sheet'!A:A,'Alternative Tool Body Sheet'!C:C) -> 6 MDS | J17: =IF(ISNUMBER(SEARCH("Legacy",D17)),5, IF(OR(ISNUMBER(SEARCH("MDS",D17)),ISNUMBER(SEARCH("EMAT",D17))),7,"")) -> 7 | K17: XHD | L17: 6.625 | M17: 5.5 | N17: 16.98 | P17: 5.75 | Q17: 1.5D | R17: 5.625 | S17: 5.56 | T17: 5.5 | U17: 3D | V17: 10 | W17: 10 | X17: 0.438 | Y17: 1 | Z17: 0.469 | AA17: 24 | AD17: 24 | AH17: 60 | AJ17: 160 | AN17: 750 | AO17: 73 | AP17: 13 | AQ17: 146 | AR17: 11 | AS17: 0 | AT17: 50 | AV17: 4 | AW17: 0.33 | AX17: 375 | AY17: 2000 | AZ17: D2084 | BA17: NO | BB17: NO | BC17: NO | BD17: NO | BE17: NO | BF17: 0/0/0vdc | BG17: 1/3/10.8vdc | BH17: 14 to 131 | BI17: 7 | BJ17: 1 | BK17: 2 | BL17: 8 | BM17: 4 | BN17: 9 | BO17: 7 | BP17: 7 | BQ17: 2 | BR17: 8 | BS17: 4 | BT17: 9 | BX17: 112174 | BY17: 112707 | CD17: 113045 | CJ17: TRUE | CT17: 112200-01-01-01-01 | CV17: DEF.MFL.SMFL.06 | CW17: =TRIM(CV17) -> DEF.MFL.SMFL.06
A18: 122975 | B18: 6 | C18: 6" DEF+XYZ | D18: Legacy | E18: DEF,XYZ | G18: 6" DEF+XYZ | H18: DEF.XYZ.06 | I18: =_xlfn.XLOOKUP(H18,'Alternative Tool Body Sheet'!A:A,'Alternative Tool Body Sheet'!C:C) -> 6 DEF | J18: =IF(ISNUMBER(SEARCH("Legacy",D18)),5, IF(OR(ISNUMBER(SEARCH("MDS",D18)),ISNUMBER(SEARCH("EMAT",D18))),7,"")) -> 5 | K18: Gen 3 | L18: 6.625 | M18: 5.1 | N18: 23.02 | P18: 5.75 | Q18: 1.5D | R18: 5.76 | S18: 5.25 | T18: 5.1 | U18: 3D | V18: 15 | AA18: 16 | AN18: 750 | AO18: 114 | AP18: 19 | AQ18: 108 | AR18: 25 | AT18: 23 | AV18: 12.21 | AW18: 0.872 | AX18: 375 | AY18: 2000 | AZ18: D2848 | BA18: NO | BB18: YES | BC18: YES | BD18: NO | BE18: NO | BF18: 1/10/15vdc | BG18: 1/5/18vdc | BH18: 14 to 131 | BI18: 10 | BJ18: 1 | BK18: 2 | BL18: 8 | BM18: 4 | BN18: 13 | BO18: 10 | BP18: 10 | BQ18: 2 | BR18: 8 | BS18: 4 | BT18: 13 | BY18: 06_6001 | CJ18: FALSE | CT18: 122975 | CV18: DEF.XYZ.06 | CW18: =TRIM(CV18) -> DEF.XYZ.06
A19: 106496 | B19: 6 | C19: 6" MFL3 (Hybrid)+XYZ | D19: Legacy | E19: IDOD,MFL,XYZ | G19: 6" MFL3 (Hybrid)+XYZ | H19: MFL.XYZ.06 | I19: =_xlfn.XLOOKUP(H19,'Alternative Tool Body Sheet'!A:A,'Alternative Tool Body Sheet'!C:C) -> 6 MFL | J19: =IF(ISNUMBER(SEARCH("Legacy",D19)),5, IF(OR(ISNUMBER(SEARCH("MDS",D19)),ISNUMBER(SEARCH("EMAT",D19))),7,"")) -> 5 | K19: Gen 4 | L19: 6.625 | M19: 5.46 | N19: 17.58 | P19: 5.75 | Q19: 1.5D | R19: 5.76 | T19: 5.64 | U19: 0D | V19: 10 | W19: 10 | X19: 0.375 | Y19: 1 | Z19: 0.375 | AD19: 20 | AH19: 60 | AN19: 750 | AO19: 96 | AP19: 16 | AQ19: 120 | AR19: 25 | AT19: 17 | AV19: 19 | AW19: 1.58 | AX19: 375 | AY19: 2000 | AZ19: D1581 | BA19: NO | BB19: NO | BC19: NO | BD19: NO | BE19: NO | BF19: 1/10/15vdc | BG19: 1/5/18vdc | BH19: 14 to 131 | BI19: 8 | BJ19: 1 | BK19: 2 | BL19: 8 | BM19: 4 | BN19: 10 | BO19: 8 | BP19: 8 | BQ19: 2 | BR19: 8 | BS19: 4 | BT19: 10 | BX19: 06_201 | CJ19: FALSE | CT19: 106496 | CV19: MFL.XYZ.06 | CW19: =TRIM(CV19) -> MFL.XYZ.06
A20: 119785 | B20: 6 | C20: 6" MFL+DEF | D20: Legacy | E20: DEF,IDOD,MFL | G20: 6" MFL+DEF | H20: DEF.MFL.06 | I20: =_xlfn.XLOOKUP(H20,'Alternative Tool Body Sheet'!A:A,'Alternative Tool Body Sheet'!C:C) -> 6 DEF | J20: =IF(ISNUMBER(SEARCH("Legacy",D20)),5, IF(OR(ISNUMBER(SEARCH("MDS",D20)),ISNUMBER(SEARCH("EMAT",D20))),7,"")) -> 5 | K20: Gen 4 | L20: 6.625 | M20: 5.46 | N20: 17.58 | P20: 5.75 | Q20: 3D | S20: 5.76 | U20: 3D | V20: 10 | W20: 10 | X20: 0.344 | Y20: 1 | Z20: 0.344 | AA20: 16 | AD20: 20 | AH20: 60 | AN20: 750 | AO20: 128 | AQ20: 165 | AT20: 47 | AV20: 10.5 | AW20: 0.88 | AX20: 375 | AY20: 2000 | AZ20: D1023 | BA20: NO | BB20: YES | BC20: YES | BD20: NO | BE20: NO | BF20: N/A | BG20: N/A | BH20: 14 to 131 | BI20: 11 | BJ20: 1 | BK20: 2 | BL20: 8 | BM20: 4 | BN20: 13 | BO20: 11 | BP20: 11 | BQ20: 2 | BR20: 8 | BS20: 4 | BT20: 13 | BX20: 06_201 | BY20: 06_6001 | CJ20: FALSE | CT20: 119785 | CV20: DEF.MFL.06 | CW20: =TRIM(CV20) -> DEF.MFL.06
A21: 129655 | B21: 6 | C21: 6" DEF+XYZ (xHD) | D21: Legacy | E21: DEF,XYZ | G21: 6" DEF+XYZ | H21: DEF.XYZ.06 | I21: =_xlfn.XLOOKUP(H21,'Alternative Tool Body Sheet'!A:A,'Alternative Tool Body Sheet'!C:C) -> 6 DEF | J21: =IF(ISNUMBER(SEARCH("Legacy",D21)),5, IF(OR(ISNUMBER(SEARCH("MDS",D21)),ISNUMBER(SEARCH("EMAT",D21))),7,"")) -> 5 | K21: XHD | L21: 6.625 | M21: 5.1 | N21: 23.02 | P21: 5.75 | Q21: 1.5D | R21: 5.76 | S21: 5.25 | T21: 5.1 | U21: 3D | V21: 15 | AA21: 16 | AN21: 750 | AO21: 111 | AP21: 19 | AQ21: 114 | AR21: 25 | AT21: 30 | AV21: 12.21 | AW21: 0.872 | AX21: 375 | AY21: 2000 | AZ21: D3696 | BA21: NO | BB21: YES | BC21: YES | BD21: NO | BE21: NO | BF21: N/A | BG21: N/A | BH21: 14 to 131 | BI21: 10 | BJ21: 1 | BK21: 2 | BL21: 8 | BM21: 4 | BN21: 13 | BO21: 10 | BP21: 10 | BQ21: 2 | BR21: 8 | BS21: 4 | BT21: 13 | BY21: 06_6001 | CJ21: FALSE | CT21: 129655 | CV21: DEF.XYZ.06 | CW21: =TRIM(CV21) -> DEF.XYZ.06
A22: 116837 | B22: 6 | C22: 6" MFL (xHD) | D22: Legacy | E22: IDOD,MFL | G22: 6" MFL (xHD) | H22: MFL.06 | I22: =_xlfn.XLOOKUP(H22,'Alternative Tool Body Sheet'!A:A,'Alternative Tool Body Sheet'!C:C) -> 6 MFL | J22: =IF(ISNUMBER(SEARCH("Legacy",D22)),5, IF(OR(ISNUMBER(SEARCH("MDS",D22)),ISNUMBER(SEARCH("EMAT",D22))),7,"")) -> 5 | K22: XHD | L22: 6.625 | M22: 5.46 | N22: 17.58 | P22: 5.75 | Q22: 3D | S22: 5.76 | T22: 5.64 | U22: 3D | V22: 10 | W22: 10 | X22: 0.344 | Y22: 1 | Z22: 0.344 | AD22: 20 | AH22: 60 | AN22: 750 | AO22: 92 | AP22: 19 | AQ22: 140 | AR22: 25 | AT22: 69 | AX22: 375 | AY22: 2000 | AZ22: D2847 | BA22: NO | BB22: YES | BC22: YES | BD22: NO | BE22: NO | BF22: 0/0/0vdc | BG22: 0/0/0vdc | BH22: 14 to 131 | BI22: 8 | BJ22: 1 | BK22: 2 | BL22: 8 | BM22: 4 | BN22: 10 | BO22: 8 | BP22: 8 | BQ22: 2 | BR22: 8 | BS22: 4 | BT22: 10 | BX22: 06_201 | CJ22: FALSE | CT22: 116837 | CV22: MFL.06 | CW22: =TRIM(CV22) -> MFL.06
A23: 127231 | B23: 6 | C23: 6" MFL+DEF+XYZ (xHD) | D23: Legacy | E23: DEF,IDOD,MFL,XYZ | G23: 6" MFL+DEF+XYZ (xHD) | H23: DEF.MFL.XYZ.06 | I23: 6 MFL | J23: =IF(ISNUMBER(SEARCH("Legacy",D23)),5, IF(OR(ISNUMBER(SEARCH("MDS",D23)),ISNUMBER(SEARCH("EMAT",D23))),7,"")) -> 5 | K23: XHD | L23: 6.625 | M23: 5.46 | Q23: 3D | S23: 5.76 | U23: 3D | V23: 10 | W23: 10 | X23: 0.344 | Y23: 1 | Z23: 0.344 | AA23: 16 | AD23: 20 | AH23: 60 | AN23: 750 | AO23: 127 | AQ23: 140 | AT23: 20 | AX23: 375 | AY23: 2000 | AZ23: D3240 | BA23: NO | BB23: NO | BC23: NO | BD23: NO | BE23: NO | BF23: N/A | BG23: N/A | BH23: 14 to 131 | BI23: 11 | BJ23: 1 | BK23: 2 | BL23: 8 | BM23: 4 | BN23: 14 | BO23: 11 | BP23: 11 | BQ23: 2 | BR23: 8 | BS23: 4 | BT23: 14 | BX23: 06_201 | CJ23: FALSE | CT23: 127231 | CV23: DEF.MFL.XYZ.06 | CW23: =TRIM(CV23) -> DEF.MFL.XYZ.06
A24: 119403 | B24: 6 | C24: 6" MFL5+XYZ | D24: Legacy | E24: IDOD,MFL,XYZ | G24: 6" MFL5+XYZ | H24: MFL.XYZ.06 | I24: =_xlfn.XLOOKUP(H24,'Alternative Tool Body Sheet'!A:A,'Alternative Tool Body Sheet'!C:C) -> 6 MFL | J24: =IF(ISNUMBER(SEARCH("Legacy",D24)),5, IF(OR(ISNUMBER(SEARCH("MDS",D24)),ISNUMBER(SEARCH("EMAT",D24))),7,"")) -> 5 | K24: Gen 4 | L24: 6.625 | M24: 5.5 | N24: 16.98 | P24: 5.75 | Q24: 1.5D | R24: 5.76 | T24: 5.64 | U24: 0D | V24: 10 | W24: 10 | X24: 0.3 | Y24: 1 | Z24: 0.344 | AD24: 20 | AH24: 60 | AN24: 750 | AO24: 96 | AP24: 16 | AQ24: 120 | AR24: 25 | AT24: 16 | AV24: 19 | AW24: 1.58 | AX24: 375 | AY24: 2000 | AZ24: D2532 | BA24: NO | BB24: NO | BC24: NO | BD24: NO | BE24: NO | BF24: 1/10/15vdc | BG24: 1/5/18vdc | BH24: 14 to 131 | BI24: 9 | BJ24: 1 | BK24: 2 | BL24: 8 | BM24: 4 | BN24: 12 | BO24: 9 | BP24: 9 | BQ24: 2 | BR24: 8 | BS24: 4 | BT24: 12 | BX24: 06_201 | CJ24: FALSE | CT24: 119403 | CV24: MFL.XYZ.06 | CW24: =TRIM(CV24) -> MFL.XYZ.06
A25: 112200-02-01-01-01 | B25: 6 | C25: 6" MFL4+DEF2+SpirALL MFL Dual Drive | D25: MDS | E25: DEF,IDOD,MFL,SpirALL® MFL | G25: 6" MFL4+DEF2+SpirALL® MFL Dual Drive | H25: DEF.MFL.SMFL.06 | I25: =_xlfn.XLOOKUP(H25,'Alternative Tool Body Sheet'!A:A,'Alternative Tool Body Sheet'!C:C) -> 6 MDS | J25: =IF(ISNUMBER(SEARCH("Legacy",D25)),5, IF(OR(ISNUMBER(SEARCH("MDS",D25)),ISNUMBER(SEARCH("EMAT",D25))),7,"")) -> 7 | K25: XHD | L25: 6.625 | M25: 5.5 | N25: 16.98 | P25: 5.75 | Q25: 1.5D | R25: 5.625 | S25: 5.56 | T25: 5.5 | U25: 3D | V25: 10 | X25: 0.438 | AA25: 24 | AD25: 24 | AH25: 60 | AJ25: 160 | AN25: 750 | AO25: 73 | AP25: 13 | AQ25: 146 | AR25: 11 | AT25: 70 | AV25: 4 | AW25: 0.33 | AX25: 375 | AY25: 2000 | BA25: NO | BB25: NO | BC25: NO | BD25: NO | BE25: NO | BF25: N/A | BG25: 1/3/10.8vdc | BH25: 14 to 131 | BI25: 7 | BJ25: 1 | BK25: 2 | BL25: 8 | BM25: 4 | BN25: 9 | BO25: 7 | BP25: 7 | BQ25: 2 | BR25: 8 | BS25: 4 | BT25: 9 | BX25: 112174 | BY25: 112707 | CD25: 113045 | CJ25: FALSE | CT25: 112200-02-01-01-01 | CV25: DEF.MFL.SMFL.06 | CW25: =TRIM(CV25) -> DEF.MFL.SMFL.06
A26: 113403 | B26: 6 | C26: 6" MFL+DEF NH3 | D26: Legacy | E26: DEF,MFL | G26: 6" MFL+DEF (NH3) | H26: DEF.MFL.06 | I26: =_xlfn.XLOOKUP(H26,'Alternative Tool Body Sheet'!A:A,'Alternative Tool Body Sheet'!C:C) -> 6 DEF | J26: =IF(ISNUMBER(SEARCH("Legacy",D26)),5, IF(OR(ISNUMBER(SEARCH("MDS",D26)),ISNUMBER(SEARCH("EMAT",D26))),7,"")) -> 5 | K26: Gen 4 | L26: 6.625 | M26: 5.46 | N26: 17.58 | P26: 5.75 | Q26: 3D | S26: 5.76 | U26: 3D | V26: 10 | W26: 10 | X26: 0.344 | Y26: 1 | Z26: 0.344 | AA26: 9 | AH26: 60 | AN26: 750 | AO26: 108 | AP26: 16 | AQ26: 165 | AR26: 25 | AT26: 31 | AV26: 11.22 | AW26: 0.94 | AX26: 375 | AY26: 2000 | AZ26: D2443 | BA26: YES | BB26: YES | BC26: YES | BD26: NO | BE26: NO | BF26: N/A | BG26: 1/5/18vdc | BH26: 14 to 131 | BI26: 9 | BJ26: 1 | BK26: 2 | BL26: 8 | BM26: 4 | BN26: 12 | BO26: 9 | BP26: 9 | BQ26: 2 | BR26: 8 | BS26: 4 | BT26: 12 | BX26: 06_201 | BY26: 102784 | CJ26: FALSE | CT26: 113403 | CV26: DEF.MFL.06 | CW26: =TRIM(CV26) -> DEF.MFL.06
A27: 105681 | B27: 6 | C27: 6" LGT | D27: Legacy | E27: LGT | G27: 6" LGT | H27: LGT.06 | I27: =_xlfn.XLOOKUP(H27,'Alternative Tool Body Sheet'!A:A,'Alternative Tool Body Sheet'!C:C) -> 6 LGT | J27: =IF(ISNUMBER(SEARCH("Legacy",D27)),5, IF(OR(ISNUMBER(SEARCH("MDS",D27)),ISNUMBER(SEARCH("EMAT",D27))),7,"")) -> 5 | K27: Gen 3 | L27: 6.625 | M27: 4.75 | N27: 28.3 | P27: 5.75 | Q27: 1.5D | R27: 5 | U27: 0D | V27: 15 | AG27: 8 | AN27: 500 | AO27: 88 | AP27: 16 | AQ27: 53 | AR27: 11 | AT27: 23 | AV27: 3.1 | AW27: 0.26 | AX27: 375 | AY27: 2000 | AZ27: D1402 | BA27: NO | BB27: NO | BC27: NO | BD27: NO | BE27: NO | BF27: N/A | BG27: 1/6/21.6vdc | BH27: 14 to 131 | BI27: 8 | BJ27: 1 | BK27: 2 | BL27: 8 | BM27: 4 | BN27: 10 | BO27: 8 | BP27: 8 | BQ27: 2 | BR27: 8 | BS27: 4 | BT27: 10 | BY27: 105683 | CJ27: FALSE | CT27: 105681 | CV27: LGT.06 | CW27: =TRIM(CV27) -> LGT.06
A28: 112200-01-01-02-01 | B28: 6 | C28: 6" MFL4+Brush DEF+SpirALL MFL | D28: MDS | E28: DEF,IDOD,MFL,SpirALL® MFL | G28: 6" MFL4+Brush DEF2+SpirALL® MFL | H28: DEF.MFL.SMFL.06 | I28: =_xlfn.XLOOKUP(H28,'Alternative Tool Body Sheet'!A:A,'Alternative Tool Body Sheet'!C:C) -> 6 MDS | J28: =IF(ISNUMBER(SEARCH("Legacy",D28)),5, IF(OR(ISNUMBER(SEARCH("MDS",D28)),ISNUMBER(SEARCH("EMAT",D28))),7,"")) -> 7 | K28: XHD | L28: 6.625 | M28: 5.5 | N28: 16.98 | P28: 5.75 | Q28: 1.5D | R28: 5.625 | S28: 5.56 | T28: 5.5 | U28: 3D | V28: 10 | W28: 10 | X28: 0.438 | Y28: 1 | Z28: 0.469 | AA28: 24 | AD28: 24 | AH28: 60 | AJ28: 160 | AN28: 750 | AO28: 73 | AP28: 13 | AQ28: 146 | AR28: 11 | AT28: 70 | AV28: 4 | AW28: 0.33 | AX28: 375 | AY28: 2000 | BA28: NO | BB28: NO | BC28: NO | BD28: NO | BE28: NO | BF28: N/A | BG28: 1/3/10.8vdc | BH28: 14 to 131 | BI28: 7 | BJ28: 1 | BK28: 2 | BL28: 8 | BM28: 4 | BN28: 9 | BO28: 7 | BP28: 7 | BQ28: 2 | BR28: 8 | BS28: 4 | BT28: 9 | BX28: 112174 | BY28: 112707 | CD28: 113045 | CJ28: TRUE | CT28: 112200-01-01-02-01 | CV28: DEF.MFL.SMFL.06 | CW28: =TRIM(CV28) -> DEF.MFL.SMFL.06
A29: 126981 | B29: 6 | C29: 6" DEF (xHD) | D29: Legacy | E29: DEF | G29: 6" DEF (xHD) | H29: DEF.06 | I29: =_xlfn.XLOOKUP(H29,'Alternative Tool Body Sheet'!A:A,'Alternative Tool Body Sheet'!C:C) -> 6 DEF | J29: =IF(ISNUMBER(SEARCH("Legacy",D29)),5, IF(OR(ISNUMBER(SEARCH("MDS",D29)),ISNUMBER(SEARCH("EMAT",D29))),7,"")) -> 5 | K29: XHD | L29: 6.625 | M29: 5.1 | Q29: 1.5D | R29: 5.76 | U29: 3D | V29: 15 | AA29: 16 | AN29: 750 | AO29: 89 | AQ29: 90 | AS29: 100 | AX29: 375 | AY29: 2000 | AZ29: D3242 | BA29: NO | BB29: NO | BC29: NO | BD29: NO | BE29: NO | BF29: N/A | BG29: N/A | BH29: 14 to 131 | BI29: 8 | BJ29: 1 | BK29: 2 | BL29: 8 | BM29: 4 | BN29: 10 | BO29: 8 | BP29: 8 | BQ29: 2 | BR29: 8 | BS29: 4 | BT29: 10 | BY29: 06_6001 | CJ29: FALSE | CT29: 126981 | CV29: DEF.06 | CW29: =TRIM(CV29) -> DEF.06
A30: 123925 | B30: 8 | C30: 8" MFL4+DEF+RES | D30: MDS | E30: DEF,Flex MFL,IDOD,RES | G30: 8" MDS FLEX MFL4+DEF+RES (V1) | H30: FLEX.DEF.MFL.RES.08 | I30: =_xlfn.XLOOKUP(H30,'Alternative Tool Body Sheet'!A:A,'Alternative Tool Body Sheet'!C:C) -> 8 MDS V1 | J30: =IF(ISNUMBER(SEARCH("Legacy",D30)),5, IF(OR(ISNUMBER(SEARCH("MDS",D30)),ISNUMBER(SEARCH("EMAT",D30))),7,"")) -> 7 | K30: XHD | L30: 8.625 | M30: 7.15 | P30: 7.625 | Q30: 1.5D | R30: 7.63 | S30: 7.4 | U30: 3D | V30: 10 | W30: 10 | X30: 0.4 | Y30: 1 | Z30: 0.412 | AA30: 36 | AB30: 72 | AD30: 36 | AI30: 72 | AN30: 750 | AO30: 70 | AQ30: 189 | AT30: 67 | AX30: 375 | AY30: 2000 | AZ30: D2906 | BA30: NO | BB30: NO | BC30: NO | BD30: NO | BE30: NO | BF30: N/A | BG30: N/A | BH30: 14 to 131 | BI30: 6 | BJ30: 1 | BK30: 2 | BL30: 10 | BM30: 4 | BN30: 8 | BO30: 6 | BP30: 6 | BQ30: 2 | BR30: 10 | BS30: 4 | BT30: 8 | BX30: 114560 | BY30: 110255 | CD30: 122013 | CJ30: FALSE | CT30: 123925 | CV30: FLEX.DEF.MFL.RES.08 | CW30: =TRIM(CV30) -> FLEX.DEF.MFL.RES.08
A31: 130593 | B31: 8 | C31: 8" MDS PRO DEF6+MFL6+RES+SMFL+XYZ | D31: MDS | E31: DEF,IDOD,MFL,RES,SpirALL® MFL,XYZ | G31: Pro 8" DEF+RES+SMFL+Ultra Res MFL+XYZ | H31: DEF.RES.SMFL.UMFL.XYZ.V1.08 | I31: 8 MDS V1 | J31: =IF(ISNUMBER(SEARCH("Legacy",D31)),5, IF(OR(ISNUMBER(SEARCH("MDS",D31)),ISNUMBER(SEARCH("EMAT",D31))),7,"")) -> 7 | K31: XHD | L31: 8.625 | M31: 7.15 | Q31: 3D | S31: 7.4 | U31: 3D | V31: 10 | W31: 10 | X31: 0.4 | Y31: 1 | Z31: 0.412 | AA31: 36 | AD31: 36 | AH31: 148 | AI31: 72 | AJ31: 180 | AN31: 750 | AO31: 128 | AQ31: 366 | AT31: 32 | AX31: 375 | AY31: 2000 | AZ31: D3761 | BA31: NO | BB31: YES | BC31: YES | BD31: NO | BE31: YES | BF31: N/A | BG31: N/A | BH31: 14 to 131 | BI31: 11 | BJ31: 1 | BK31: 2 | BL31: 10 | BM31: 4 | BN31: 14 | BO31: 11 | BP31: 11 | BQ31: 2 | BR31: 10 | BS31: 4 | BT31: 14 | BX31: 114560 | BY31: 110255 | CD31: 122013 | CJ31: FALSE | CT31: 130593 | CV31: DEF.RES.SMFL.UMFL.XYZ.V1.08 | CW31: =TRIM(CV31) -> DEF.RES.SMFL.UMFL.XYZ.V1.08
A32: 108563 | B32: 8 | C32: 8" DEF (xHD) | D32: Legacy | E32: DEF | G32: 8" DEF (xHD) | H32: DEF.08 | I32: =_xlfn.XLOOKUP(H32,'Alternative Tool Body Sheet'!A:A,'Alternative Tool Body Sheet'!C:C) -> 8 DEF | J32: =IF(ISNUMBER(SEARCH("Legacy",D32)),5, IF(OR(ISNUMBER(SEARCH("MDS",D32)),ISNUMBER(SEARCH("EMAT",D32))),7,"")) -> 5 | K32: XHD | L32: 8.625 | M32: 6.5 | N32: 24.64 | P32: 7.625 | Q32: 1.5D | R32: 7.125 | T32: 6.5 | U32: 3D | V32: 15 | AA32: 25 | AN32: 750 | AO32: 100 | AP32: 17 | AQ32: 200 | AR32: 35 | AT32: 77 | AX32: 375 | AY32: 2000 | AZ32: D1031 | BA32: NO | BB32: YES | BC32: YES | BD32: NO | BE32: NO | BF32: 1/12/18vdc | BG32: 1/6/21.6vdc | BH32: 14 to 131 | BI32: 9 | BJ32: 1 | BK32: 2 | BL32: 10 | BM32: 4 | BN32: 12 | BO32: 9 | BP32: 9 | BQ32: 2 | BR32: 10 | BS32: 4 | BT32: 12 | BY32: 108564 | CJ32: FALSE | CT32: 108563 | CV32: DEF.08 | CW32: =TRIM(CV32) -> DEF.08
A33: 123924 | B33: 8 | C33: 8" MFL4+DEF+SMFL+RES | D33: MDS | E33: DEF,IDOD,MFL,RES,SpirALL® MFL | G33: 8" MFL4+DEF+SMFL+RES (V1) | H33: DEF.MFL.RES.SMFL.08 | I33: =_xlfn.XLOOKUP(H33,'Alternative Tool Body Sheet'!A:A,'Alternative Tool Body Sheet'!C:C) -> 8 MDS V1 | J33: =IF(ISNUMBER(SEARCH("Legacy",D33)),5, IF(OR(ISNUMBER(SEARCH("MDS",D33)),ISNUMBER(SEARCH("EMAT",D33))),7,"")) -> 7 | K33: XHD | L33: 8.625 | M33: 7.15 | Q33: 3D | S33: 7.4 | U33: 3D | V33: 10 | W33: 10 | X33: 0.4 | Y33: 1 | Z33: 0.412 | AA33: 36 | AD33: 36 | AH33: 72 | AI33: 72 | AJ33: 180 | AN33: 750 | AO33: 90 | AQ33: 255 | AT33: 50 | AX33: 375 | AY33: 2000 | AZ33: D2930 | BA33: NO | BB33: NO | BC33: NO | BD33: NO | BE33: NO | BF33: N/A | BG33: N/A | BH33: 14 to 131 | BI33: 8 | BJ33: 1 | BK33: 2 | BL33: 10 | BM33: 4 | BN33: 10 | BO33: 8 | BP33: 8 | BQ33: 2 | BR33: 10 | BS33: 4 | BT33: 10 | BX33: 114560 | BY33: 110255 | CD33: 122013 | CJ33: FALSE | CT33: 123924 | CV33: DEF.MFL.RES.SMFL.08 | CW33: =TRIM(CV33) -> DEF.MFL.RES.SMFL.08
A34: 112056 | B34: 8 | C34: 8" GMFL (xHD) | D34: Legacy | E34: GMFL,IDOD | G34: 8" GMFL ATEX | H34: GMFL.08 | I34: =_xlfn.XLOOKUP(H34,'Alternative Tool Body Sheet'!A:A,'Alternative Tool Body Sheet'!C:C) -> 8 GMFL | J34: =IF(ISNUMBER(SEARCH("Legacy",D34)),5, IF(OR(ISNUMBER(SEARCH("MDS",D34)),ISNUMBER(SEARCH("EMAT",D34))),7,"")) -> 5 | K34: XHD | L34: 8.625 | M34: 6.9 | P34: 7.625 | Q34: 1.5D | R34: 7.5 | S34: 7 | T34: 7 | U34: 0D | V34: 10 | W34: 10 | X34: 0.471 | Y34: 1 | Z34: 0.53 | AC34: 72 | AD34: 24 | AN34: 750 | AO34: 89 | AP34: 17 | AQ34: 190 | AR34: 23 | AT34: 46 | AX34: 375 | AY34: 2000 | AZ34: D1200 | BA34: NO | BB34: NO | BC34: NO | BD34: NO | BE34: NO | BF34: 1/12/18vdc | BG34: 1/6/21.6vdc | BH34: 14 to 131 | BI34: 8 | BJ34: 1 | BK34: 2 | BL34: 10 | BM34: 4 | BN34: 10 | BO34: 8 | BP34: 8 | BQ34: 2 | BR34: 10 | BS34: 4 | BT34: 10 | CI34: 109401 | CJ34: FALSE | CT34: 112056 | CV34: GMFL.08 | CW34: =TRIM(CV34) -> GMFL.08
A35: 114353 | B35: 8 | C35: 8" DEF+XYZ (xHD) | D35: Legacy | E35: DEF,XYZ | G35: 8" DEF+XYZ (xHD) | H35: DEF.XYZ.08 | I35: =_xlfn.XLOOKUP(H35,'Alternative Tool Body Sheet'!A:A,'Alternative Tool Body Sheet'!C:C) -> 8 DEF | J35: =IF(ISNUMBER(SEARCH("Legacy",D35)),5, IF(OR(ISNUMBER(SEARCH("MDS",D35)),ISNUMBER(SEARCH("EMAT",D35))),7,"")) -> 5 | K35: XHD | L35: 8.625 | M35: 6.5 | N35: 24.64 | P35: 7.625 | Q35: 1.5D | R35: 7.13 | T35: 6.5 | U35: 3D | V35: 15 | AA35: 25 | AN35: 750 | AO35: 119 | AP35: 17 | AQ35: 235 | AR35: 23 | AT35: 18 | AX35: 375 | AY35: 2000 | AZ35: D2947 | BA35: NO | BB35: YES | BC35: YES | BD35: NO | BE35: NO | BF35: 0/0/0vdc | BG35: 0/0/0vdc | BH35: 14 to 131 | BI35: 10 | BJ35: 1 | BK35: 2 | BL35: 10 | BM35: 4 | BN35: 13 | BO35: 10 | BP35: 10 | BQ35: 2 | BR35: 10 | BS35: 4 | BT35: 13 | BY35: 108564 | CJ35: FALSE | CT35: 114353 | CV35: DEF.XYZ.08 | CW35: =TRIM(CV35) -> DEF.XYZ.08
A36: 106998 | B36: 8 | C36: 8" LGT+XYZ | D36: Legacy | E36: LGT,XYZ | G36: 8" LGT+XYZ | H36: LGT.XYZ.08 | I36: =_xlfn.XLOOKUP(H36,'Alternative Tool Body Sheet'!A:A,'Alternative Tool Body Sheet'!C:C) -> 8/10 LGT | J36: =IF(ISNUMBER(SEARCH("Legacy",D36)),5, IF(OR(ISNUMBER(SEARCH("MDS",D36)),ISNUMBER(SEARCH("EMAT",D36))),7,"")) -> 5 | K36: Gen 3 | L36: 8.625 | M36: 6 | N36: 44.93 | P36: 7.625 | Q36: 1.5D | R36: 7.13 | U36: 0D | V36: 15 | AG36: 19 | AN36: 750 | AO36: 81 | AP36: 19 | AQ36: 63 | AR36: 25 | AS36: 56 | AT36: 116 | AV36: 3.4 | AW36: 0.28 | AX36: 375 | AY36: 2000 | AZ36: D2253 | BA36: NO | BB36: YES | BC36: YES | BD36: NO | BE36: NO | BF36: 1/15/22.5vdc | BG36: 1/5/18vdc | BH36: 14 to 131 | BI36: 7 | BJ36: 1 | BK36: 2 | BL36: 10 | BM36: 4 | BN36: 9 | BO36: 7 | BP36: 7 | BQ36: 2 | BR36: 10 | BS36: 4 | BT36: 9 | BY36: 108564 | CJ36: FALSE | CT36: 106998 | CV36: LGT.XYZ.08 | CW36: =TRIM(CV36) -> LGT.XYZ.08
A37: 122503 | B37: 8 | C37: 8'' MFL5+DEF5+LFM | D37: MDS | E37: DEF,Flex MFL,IDOD,LFM | G37: 8" MDS FLEX MFL5+DEF5+LFM (V2) | H37: FLEX.DEF.LFM.MFL.08 | I37: =_xlfn.XLOOKUP(H37,'Alternative Tool Body Sheet'!A:A,'Alternative Tool Body Sheet'!C:C) -> 8 MDS V2 | J37: =IF(ISNUMBER(SEARCH("Legacy",D37)),5, IF(OR(ISNUMBER(SEARCH("MDS",D37)),ISNUMBER(SEARCH("EMAT",D37))),7,"")) -> 7 | K37: XHD | L37: 8.625 | M37: 7.045 | N37: 17.1 | P37: 7.625 | Q37: 1.5D | R37: 7.63 | U37: 3D | V37: 10 | W37: 10 | X37: 0.4 | Y37: 1 | Z37: 0.412 | AA37: 36 | AB37: 72 | AD37: 36 | AF37: 72 | AN37: 750 | AO37: 69.5 | AQ37: 201 | AT37: 67 | AX37: 375 | AY37: 2000 | AZ37: D2748 | BA37: NO | BB37: YES | BC37: YES | BD37: NO | BE37: YES | BF37: N/A | BG37: N/A | BH37: 14 to 131 | BI37: 7 | BJ37: 1 | BK37: 2 | BL37: 10 | BM37: 4 | BN37: 8 | BO37: 7 | BP37: 7 | BQ37: 2 | BR37: 10 | BS37: 4 | BT37: 8 | BX37: 121003 | BY37: 120927 | CD37: 121111 | CJ37: TRUE | CT37: 122503 | CV37: FLEX.DEF.LFM.MFL.08 | CW37: =TRIM(CV37) -> FLEX.DEF.LFM.MFL.08
A38: 130595 | B38: 8 | C38: 8" MDS FLEX DEF6+MFL6+RES+XYZ | D38: MDS | E38: DEF,IDOD,MFL,RES,XYZ | G38: 8" DEF+RES+Ultra Res MFL+XYZ 08" | H38: DEF.RES.UMFL.XYZ.V1.08 | I38: 8 MDS V1 | J38: =IF(ISNUMBER(SEARCH("Legacy",D38)),5, IF(OR(ISNUMBER(SEARCH("MDS",D38)),ISNUMBER(SEARCH("EMAT",D38))),7,"")) -> 7 | K38: XHD | L38: 8.625 | M38: 7.15 | Q38: 3D | S38: 7.4 | U38: 3D | V38: 10 | W38: 10 | X38: 0.4 | Y38: 1 | Z38: 0.412 | AA38: 36 | AD38: 36 | AH38: 148 | AI38: 72 | AN38: 750 | AO38: 106 | AQ38: 260 | AT38: 35 | AX38: 375 | AY38: 2000 | AZ38: D3763 | BA38: NO | BB38: YES | BC38: YES | BD38: NO | BE38: YES | BF38: N/A | BG38: N/A | BH38: 14 to 131 | BI38: 9 | BJ38: 1 | BK38: 2 | BL38: 10 | BM38: 4 | BN38: 12 | BO38: 9 | BP38: 9 | BQ38: 2 | BR38: 10 | BS38: 4 | BT38: 12 | BX38: 130501 | BY38: 110255 | CD38: 122013 | CJ38: FALSE | CT38: 130595 | CV38: DEF.RES.UMFL.XYZ.V1.08 | CW38: =TRIM(CV38) -> DEF.RES.UMFL.XYZ.V1.08
A39: 114418 | B39: 8 | C39: 8" MFL (1.5D ATEX) | D39: Legacy | E39: IDOD,MFL | G39: 8" MFL (1.5D) ATEX | H39: MFL.08 | I39: =_xlfn.XLOOKUP(H39,'Alternative Tool Body Sheet'!A:A,'Alternative Tool Body Sheet'!C:C) -> 8 MFL | J39: =IF(ISNUMBER(SEARCH("Legacy",D39)),5, IF(OR(ISNUMBER(SEARCH("MDS",D39)),ISNUMBER(SEARCH("EMAT",D39))),7,"")) -> 5 | K39: XHD | L39: 8.625 | M39: 7.15 | P39: 7.625 | Q39: 1.5D | R39: 7.63 | T39: 7.38 | U39: 3D | V39: 10 | X39: 0.438 | AD39: 24 | AH39: 72 | AN39: 750 | AO39: 101 | AQ39: 246 | AS39: 0 | AT39: 0 | AY39: 2000 | BA39: NO | BB39: YES | BC39: YES | BD39: NO | BE39: NO | BF39: 0/0/0vdc | BG39: 0/0/0vdc | BH39: 14 to 131 | BI39: 9 | BJ39: 1 | BK39: 2 | BL39: 10 | BM39: 4 | BN39: 12 | BO39: 9 | BP39: 9 | BQ39: 2 | BR39: 10 | BS39: 4 | BT39: 12 | BX39: 08_215 | CJ39: FALSE | CT39: 114418 | CV39: MFL.08 | CW39: =TRIM(CV39) -> MFL.08
A40: 130602 | B40: 8 | C40: 8" MDS FLEX DEF7+LFM+MFL6+XYZ | D40: MDS | E40: DEF,IDOD,LFM,MFL,XYZ | G40: MDS™ Flex DEF+LFM+Ultra Res MFL+XYZ 08" | H40: DEF.LFM.UMFL.XYZ.V2.08 | I40: 8 MDS V2 | J40: =IF(ISNUMBER(SEARCH("Legacy",D40)),5, IF(OR(ISNUMBER(SEARCH("MDS",D40)),ISNUMBER(SEARCH("EMAT",D40))),7,"")) -> 7 | K40: XHD | L40: 8.625 | M40: 7.045 | N40: 17.1 | P40: 7.625 | Q40: 1.5D | R40: 7.63 | U40: 3D | V40: 10 | W40: 10 | X40: 0.4 | Y40: 1 | Z40: 0.412 | AA40: 36 | AD40: 36 | AF40: 72 | AH40: 148 | AN40: 750 | AO40: 104 | AQ40: 301 | AT40: 35 | AX40: 375 | AY40: 2000 | AZ40: D3720 | BA40: NO | BB40: YES | BC40: YES | BD40: NO | BE40: YES | BF40: N/A | BG40: N/A | BH40: 14 to 131 | BI40: 9 | BJ40: 1 | BK40: 2 | BL40: 10 | BM40: 4 | BN40: 12 | BO40: 9 | BP40: 9 | BQ40: 2 | BR40: 10 | BS40: 4 | BT40: 12 | BX40: 130501 | BY40: 120927 | CD40: 121111 | CJ40: FALSE | CT40: 130602 | CV40: DEF.LFM.UMFL.XYZ.V2.08 | CW40: =TRIM(CV40) -> DEF.LFM.UMFL.XYZ.V2.08
A41: 130597 | B41: 8 | C41: 8" MDS FLEX DEF6+MFL6+XYZ | D41: MDS | E41: DEF,IDOD,MFL,XYZ | G41: 8" MDS FLEX DEF+Ultra Res MFL+XYZ, V2 | H41: DEF.UMFL.XYZ.V2.08 | I41: =_xlfn.XLOOKUP(H41,'Alternative Tool Body Sheet'!A:A,'Alternative Tool Body Sheet'!C:C) -> 8 MDS V2 | J41: =IF(ISNUMBER(SEARCH("Legacy",D41)),5, IF(OR(ISNUMBER(SEARCH("MDS",D41)),ISNUMBER(SEARCH("EMAT",D41))),7,"")) -> 7 | K41: XHD | L41: 8.625 | M41: 7.15 | Q41: 3D | S41: 7.4 | U41: 3D | V41: 10 | W41: 10 | X41: 0.4 | Y41: 1 | Z41: 0.412 | AA41: 36 | AD41: 36 | AH41: 148 | AN41: 750 | AO41: 109 | AQ41: 291 | AT41: 36 | AX41: 375 | AY41: 2000 | AZ41: D3765 | BA41: NO | BB41: YES | BC41: YES | BD41: NO | BE41: YES | BF41: N/A | BG41: N/A | BH41: 14 to 131 | BI41: 10 | BJ41: 1 | BK41: 2 | BL41: 10 | BM41: 4 | BN41: 13 | BO41: 10 | BP41: 10 | BQ41: 2 | BR41: 10 | BS41: 4 | BT41: 13 | BX41: 130501 | BY41: 120927 | CD41: 121111 | CJ41: FALSE | CT41: 130597 | CV41: DEF.UMFL.XYZ.V2.08 | CW41: =TRIM(CV41) -> DEF.UMFL.XYZ.V2.08
A42: 113622 | B42: 8 | C42: 8" GMFL+XYZ (xHD) | D42: Legacy | E42: GMFL,IDOD,XYZ | G42: 8" GMFL+XYZ (xHD) | H42: GMFL.XYZ.08 | I42: =_xlfn.XLOOKUP(H42,'Alternative Tool Body Sheet'!A:A,'Alternative Tool Body Sheet'!C:C) -> 8 GMFL | J42: =IF(ISNUMBER(SEARCH("Legacy",D42)),5, IF(OR(ISNUMBER(SEARCH("MDS",D42)),ISNUMBER(SEARCH("EMAT",D42))),7,"")) -> 5 | K42: XHD | L42: 8.625 | M42: 6.9 | P42: 7.625 | Q42: 1.5D | R42: 7.5 | T42: 7 | U42: 0D | V42: 10 | W42: 10 | X42: 0.471 | Y42: 1 | Z42: 0.53 | AC42: 72 | AD42: 24 | AN42: 750 | AO42: 105 | AP42: 17 | AQ42: 215 | AR42: 23 | AT42: 27 | AX42: 375 | AY42: 2000 | AZ42: D1263 | BA42: NO | BB42: YES | BC42: YES | BD42: NO | BE42: NO | BF42: 0/0/0vdc | BG42: 0/0/0vdc | BH42: 14 to 131 | BI42: 9 | BJ42: 1 | BK42: 2 | BL42: 10 | BM42: 4 | BN42: 12 | BO42: 9 | BP42: 9 | BQ42: 2 | BR42: 10 | BS42: 4 | BT42: 12 | CI42: 109401 | CJ42: FALSE | CT42: 113622 | CV42: GMFL.XYZ.08 | CW42: =TRIM(CV42) -> GMFL.XYZ.08
A43: 130601 | B43: 8 | C43: 8" MDS PRO DEF7+LFM+MFL6+SMFL2 | D43: MDS | E43: DEF,IDOD,LFM,MFL,SpirALL® MFL | G43: 8" MDS™ PRO DEF7+LFM+ULTRA RES MFL+SMFL2 | H43: DEF.LFM.SMFL.UMFL.V2.08 | I43: 8 MDS V2 | J43: =IF(ISNUMBER(SEARCH("Legacy",D43)),5, IF(OR(ISNUMBER(SEARCH("MDS",D43)),ISNUMBER(SEARCH("EMAT",D43))),7,"")) -> 7 | K43: XHD | L43: 8.625 | M43: 7.15 | N43: 17.1 | P43: 7.625 | Q43: 1.5D | R43: 7.63 | U43: 3D | V43: 10 | W43: 10 | X43: 0.4 | Y43: 1 | Z43: 0.412 | AA43: 36 | AD43: 36 | AF43: 72 | AH43: 148 | AJ43: 200 | AN43: 750 | AO43: 103 | AQ43: 375 | AT43: 41 | AX43: 375 | AY43: 2000 | AZ43: D3719 | BA43: NO | BB43: YES | BC43: YES | BD43: NO | BE43: YES | BF43: N/A | BG43: N/A | BH43: 14 to 131 | BI43: 9 | BJ43: 1 | BK43: 2 | BL43: 10 | BM43: 4 | BN43: 12 | BO43: 9 | BP43: 9 | BQ43: 2 | BR43: 10 | BS43: 4 | BT43: 12 | BX43: 130501 | BY43: 120927 | CD43: 121111 | CJ43: FALSE | CT43: 130601 | CV43: DEF.LFM.SMFL.UMFL.V2.08 | CW43: =TRIM(CV43) -> DEF.LFM.SMFL.UMFL.V2.08
A44: 108561 | B44: 8 | C44: 8" MFL (xHD) | D44: Legacy | E44: IDOD,MFL | G44: 8" MFL (xHD) | H44: MFL.08 | I44: =_xlfn.XLOOKUP(H44,'Alternative Tool Body Sheet'!A:A,'Alternative Tool Body Sheet'!C:C) -> 8 MFL | J44: =IF(ISNUMBER(SEARCH("Legacy",D44)),5, IF(OR(ISNUMBER(SEARCH("MDS",D44)),ISNUMBER(SEARCH("EMAT",D44))),7,"")) -> 5 | K44: XHD | L44: 8.625 | M44: 7.15 | P44: 7.625 | Q44: 1.5D | R44: 7.63 | T44: 7.38 | U44: 3D | V44: 10 | W44: 10 | X44: 0.438 | Y44: 1 | Z44: 0.438 | AD44: 24 | AH44: 72 | AN44: 750 | AO44: 102 | AP44: 17 | AQ44: 235 | AR44: 35 | AT44: 46 | AV44: 3.92 | AW44: 0.33 | AX44: 375 | AY44: 2000 | AZ44: D1033 | BA44: NO | BB44: NO | BC44: NO | BD44: NO | BE44: NO | BF44: 1/12/18vdc | BG44: 1/6/21.6vdc | BH44: 14 to 131 | BI44: 9 | BJ44: 1 | BK44: 2 | BL44: 10 | BM44: 4 | BN44: 12 | BO44: 9 | BP44: 9 | BQ44: 2 | BR44: 10 | BS44: 4 | BT44: 12 | BX44: 08_215 | CJ44: FALSE | CT44: 108561 | CV44: MFL.08 | CW44: =TRIM(CV44) -> MFL.08
A45: 08_900 | B45: 8 | C45: 8" MFL+DEF (xHD) | D45: Legacy | E45: DEF,IDOD,MFL | G45: 8" MFL+DEF (xHD) | H45: DEF.MFL.08 | I45: =_xlfn.XLOOKUP(H45,'Alternative Tool Body Sheet'!A:A,'Alternative Tool Body Sheet'!C:C) -> 8 DEF | J45: =IF(ISNUMBER(SEARCH("Legacy",D45)),5, IF(OR(ISNUMBER(SEARCH("MDS",D45)),ISNUMBER(SEARCH("EMAT",D45))),7,"")) -> 5 | K45: XHD | L45: 8.625 | M45: 7.15 | N45: 17.1 | P45: 7.625 | Q45: 1.5D | R45: 7.63 | T45: 7.38 | U45: 3D | V45: 10 | W45: 10 | X45: 0.438 | Y45: 1 | Z45: 0.438 | AA45: 25 | AD45: 24 | AH45: 72 | AN45: 750 | AO45: 120.3 | AP45: 17 | AQ45: 284 | AR45: 35 | AT45: 27 | AV45: 12.3 | AW45: 1.03 | AX45: 375 | AY45: 2000 | AZ45: D1032 | BA45: NO | BB45: NO | BC45: NO | BD45: NO | BE45: NO | BF45: 1/12/18vdc | BG45: 1/6/21.6vdc | BH45: 14 to 131 | BI45: 11 | BJ45: 1 | BK45: 2 | BL45: 10 | BM45: 4 | BN45: 14 | BO45: 11 | BP45: 11 | BQ45: 2 | BR45: 10 | BS45: 4 | BT45: 14 | BX45: 08_215 | BY45: 108564 | CJ45: FALSE | CT45: 08_900 | CV45: DEF.MFL.08 | CW45: =TRIM(CV45) -> DEF.MFL.08
A46: 130596 | B46: 8 | C46: 8" MDS FLEX DEF6+MFL6+RES | D46: MDS | E46: DEF,IDOD,MFL,RES | G46: 8" DEF+RES+Ultra Res MFL 08" | H46: DEF.RES.UMFL.V1.08 | I46: 8 MDS V1 | J46: =IF(ISNUMBER(SEARCH("Legacy",D46)),5, IF(OR(ISNUMBER(SEARCH("MDS",D46)),ISNUMBER(SEARCH("EMAT",D46))),7,"")) -> 7 | K46: XHD | L46: 8.625 | M46: 7.15 | N46: 17.1 | P46: 7.625 | Q46: 3D | S46: 7.4 | U46: 3D | V46: 10 | W46: 10 | X46: 0.4 | Y46: 1 | Z46: 0.412 | AA46: 36 | AD46: 36 | AH46: 148 | AI46: 72 | AN46: 750 | AO46: 72 | AQ46: 201 | AT46: 54 | AX46: 375 | AY46: 2000 | AZ46: D3764 | BA46: NO | BB46: YES | BC46: YES | BD46: NO | BE46: YES | BF46: N/A | BG46: N/A | BH46: 14 to 131 | BI46: 6 | BJ46: 1 | BK46: 2 | BL46: 10 | BM46: 4 | BN46: 8 | BO46: 6 | BP46: 6 | BQ46: 2 | BR46: 10 | BS46: 4 | BT46: 8 | BX46: 130501 | BY46: 110255 | CD46: 122013 | CJ46: FALSE | CT46: 130596 | CV46: DEF.RES.UMFL.V1.08 | CW46: =TRIM(CV46) -> DEF.RES.UMFL.V1.08
A47: 106625 | B47: 8 | C47: 8" MFL (3D) NH3 | D47: Legacy | E47: MFL | G47: 8" MFL (3D, NH3) | H47: MFL.08 | I47: =_xlfn.XLOOKUP(H47,'Alternative Tool Body Sheet'!A:A,'Alternative Tool Body Sheet'!C:C) -> 8 MFL | J47: =IF(ISNUMBER(SEARCH("Legacy",D47)),5, IF(OR(ISNUMBER(SEARCH("MDS",D47)),ISNUMBER(SEARCH("EMAT",D47))),7,"")) -> 5 | K47: Gen 4 | L47: 8.625 | M47: 7.15 | P47: 7.625 | Q47: 3D | S47: 7.63 | T47: 7.38 | U47: 3D | V47: 10 | W47: 10 | X47: 0.438 | Y47: 1 | Z47: 0.438 | AH47: 72 | AN47: 750 | AO47: 103 | AP47: 22 | AQ47: 270 | AR47: 55 | AT47: 35 | AV47: 8 | AW47: 0.67 | AX47: 375 | AY47: 2000 | AZ47: D1035 | BA47: YES | BB47: YES | BC47: YES | BD47: NO | BE47: NO | BF47: 3/8/12vdc | BG47: 3/4/14.4vdc | BH47: 14 to 131 | BI47: 9 | BJ47: 1 | BK47: 2 | BL47: 10 | BM47: 4 | BN47: 12 | BO47: 9 | BP47: 9 | BQ47: 2 | BR47: 10 | BS47: 4 | BT47: 12 | BX47: 08_215 | CJ47: FALSE | CT47: 106625 | CV47: MFL.08 | CW47: =TRIM(CV47) -> MFL.08
A48: 108206 | B48: 8 | C48: 8" MFL+DEF NH3 (3D) | D48: Legacy | E48: DEF,MFL | G48: 8" MFL+DEF (NH3, 3D) | H48: DEF.MFL.08 | I48: =_xlfn.XLOOKUP(H48,'Alternative Tool Body Sheet'!A:A,'Alternative Tool Body Sheet'!C:C) -> 8 DEF | J48: =IF(ISNUMBER(SEARCH("Legacy",D48)),5, IF(OR(ISNUMBER(SEARCH("MDS",D48)),ISNUMBER(SEARCH("EMAT",D48))),7,"")) -> 5 | K48: Gen 4 | L48: 8.625 | M48: 7.15 | N48: 17.1 | P48: 7.625 | Q48: 3D | S48: 7.63 | U48: 3D | V48: 10 | W48: 10 | X48: 0.438 | Y48: 1 | Z48: 0.438 | AA48: 12 | AH48: 72 | AN48: 750 | AO48: 138 | AP48: 22 | AQ48: 314 | AR48: 55 | AT48: 24 | AV48: 13.2 | AW48: 1.1 | AX48: 375 | AY48: 2000 | AZ48: D2243 | BA48: NO | BB48: YES | BC48: YES | BD48: NO | BE48: NO | BF48: N/A | BG48: 3/4/14.4vdc | BH48: 14 to 131 | BI48: 12 | BJ48: 1 | BK48: 2 | BL48: 10 | BM48: 4 | BN48: 15 | BO48: 12 | BP48: 12 | BQ48: 2 | BR48: 10 | BS48: 4 | BT48: 15 | BX48: 08_215 | BY48: 108564 | CJ48: FALSE | CT48: 108206 | CV48: DEF.MFL.08 | CW48: =TRIM(CV48) -> DEF.MFL.08
A49: 113610 | B49: 8 | C49: 8" MFL+XYZ (xHD) | D49: Legacy | E49: IDOD,MFL,XYZ | G49: 8" MFL+XYZ (xHD) | H49: MFL.XYZ.08 | I49: =_xlfn.XLOOKUP(H49,'Alternative Tool Body Sheet'!A:A,'Alternative Tool Body Sheet'!C:C) -> 8 MFL | J49: =IF(ISNUMBER(SEARCH("Legacy",D49)),5, IF(OR(ISNUMBER(SEARCH("MDS",D49)),ISNUMBER(SEARCH("EMAT",D49))),7,"")) -> 5 | K49: XHD | L49: 8.625 | M49: 7.15 | P49: 7.625 | Q49: 1.5D | R49: 7.63 | U49: 3D | V49: 10 | W49: 10 | X49: 0.438 | Y49: 1 | Z49: 0.438 | AD49: 24 | AH49: 72 | AN49: 750 | AO49: 118 | AP49: 22 | AQ49: 280 | AR49: 55 | AT49: 21 | AV49: 15.68 | AW49: 1.31 | AX49: 375 | AY49: 2000 | AZ49: D1181 | BA49: NO | BB49: NO | BC49: NO | BD49: NO | BE49: NO | BF49: 3/8/12vdc | BG49: 3/4/14.4vdc | BH49: 14 to 131 | BI49: 10 | BJ49: 2 | BK49: 2 | BL49: 10 | BM49: 4 | BN49: 13 | BO49: 10 | BP49: 10 | BQ49: 2 | BR49: 10 | BS49: 4 | BT49: 13 | BX49: 08_215 | BY49: 108564 | CJ49: FALSE | CT49: 113610 | CV49: MFL.XYZ.08 | CW49: =TRIM(CV49) -> MFL.XYZ.08
A50: 130600 | B50: 8 | C50: 8" MDS PRO DEF7+LFM+MFL6+SMFL2+XYZ | D50: MDS | E50: DEF,IDOD,LFM,MFL,SpirALL® MFL,XYZ | G50: 8" MDS PRO DEF7+LFM+MFL6+SMFL2+XYZ | H50: DEF.LFM.SMFL.UMFL.XYZ.V2.08 | I50: 8 MDS V2 | J50: =IF(ISNUMBER(SEARCH("Legacy",D50)),5, IF(OR(ISNUMBER(SEARCH("MDS",D50)),ISNUMBER(SEARCH("EMAT",D50))),7,"")) -> 7 | K50: XHD | L50: 8.625 | M50: 7.15 | Q50: 1.5D | R50: 7.63 | U50: 3D | V50: 10 | W50: 10 | X50: 0.4 | Y50: 1 | Z50: 0.412 | AA50: 36 | AD50: 36 | AF50: 72 | AH50: 148 | AJ50: 200 | AN50: 750 | AO50: 143 | AQ50: 475 | AT50: 32 | AX50: 375 | AY50: 2000 | AZ50: D3718 | BA50: NO | BB50: NO | BC50: NO | BD50: NO | BE50: NO | BF50: N/A | BG50: N/A | BH50: 14 to 131 | BI50: 12 | BJ50: 1 | BK50: 2 | BL50: 10 | BM50: 4 | BN50: 15 | BO50: 12 | BP50: 12 | BQ50: 2 | BR50: 10 | BS50: 4 | BT50: 15 | BX50: 130501 | BY50: 120927 | CD50: 121111 | CJ50: FALSE | CT50: 130600 | CV50: DEF.LFM.SMFL.UMFL.XYZ.V2.08 | CW50: =TRIM(CV50) -> DEF.LFM.SMFL.UMFL.XYZ.V2.08
A51: 106626 | B51: 8 | C51: 8" DEF NH3 | D51: Legacy | E51: DEF | G51: 8" DEF (NH3) | H51: DEF.08 | I51: =_xlfn.XLOOKUP(H51,'Alternative Tool Body Sheet'!A:A,'Alternative Tool Body Sheet'!C:C) -> 8 DEF | J51: =IF(ISNUMBER(SEARCH("Legacy",D51)),5, IF(OR(ISNUMBER(SEARCH("MDS",D51)),ISNUMBER(SEARCH("EMAT",D51))),7,"")) -> 5 | K51: Gen 3 | L51: 8.625 | M51: 6.5 | N51: 24.64 | P51: 7.625 | Q51: 1.5D | R51: 7.13 | T51: 6.5 | U51: 3D | V51: 15 | AA51: 12 | AN51: 750 | AO51: 96 | AP51: 17 | AQ51: 210 | AR51: 50 | AT51: 59 | AV51: 5.2 | AW51: 0.43 | AX51: 375 | AY51: 2000 | AZ51: D1030 | BA51: YES | BB51: YES | BC51: YES | BD51: NO | BE51: NO | BF51: 1/12/18vdc | BG51: 1/6/21.6vdc | BH51: 14 to 131 | BI51: 8 | BJ51: 1 | BK51: 2 | BL51: 10 | BM51: 4 | BN51: 10 | BO51: 8 | BP51: 8 | BQ51: 2 | BR51: 10 | BS51: 4 | BT51: 10 | BY51: 108564 | CJ51: FALSE | CT51: 106626 | CV51: DEF.08 | CW51: =TRIM(CV51) -> DEF.08
A52: 130594 | B52: 8 | C52: 8" MDS PRO DEF6+MFL6+RES+SMFL | D52: MDS | E52: DEF,IDOD,MFL,RES,SpirALL® MFL | G52: 8" DEF+RES+SMFL+ULTRA RES MFL, V1 | H52: DEF.RES.SMFL.UMFL.V1.08 | I52: 8 MDS V1 | J52: =IF(ISNUMBER(SEARCH("Legacy",D52)),5, IF(OR(ISNUMBER(SEARCH("MDS",D52)),ISNUMBER(SEARCH("EMAT",D52))),7,"")) -> 7 | K52: XHD | L52: 8.625 | M52: 7.15 | Q52: 3D | S52: 7.4 | U52: 3D | V52: 10 | W52: 10 | X52: 0.4 | Y52: 1 | Z52: 0.412 | AA52: 36 | AD52: 36 | AH52: 148 | AI52: 72 | AJ52: 180 | AN52: 750 | AO52: 90 | AQ52: 255 | AT52: 41 | AX52: 375 | AY52: 2000 | AZ52: D3762 | BA52: NO | BB52: YES | BC52: YES | BD52: NO | BE52: YES | BF52: N/A | BG52: N/A | BH52: 14 to 131 | BI52: 8 | BJ52: 1 | BK52: 2 | BL52: 10 | BM52: 4 | BN52: 10 | BO52: 8 | BP52: 8 | BQ52: 2 | BR52: 10 | BS52: 4 | BT52: 10 | BX52: 130501 | BY52: 110255 | CD52: 122013 | CJ52: FALSE | CT52: 130594 | CV52: DEF.RES.SMFL.UMFL.V1.08 | CW52: =TRIM(CV52) -> DEF.RES.SMFL.UMFL.V1.08
A53: 110250 | B53: 8 | C53: 8" MFL2 (Hybrid xHD) | D53: Legacy | E53: IDOD,MFL | G53: 8" MFL2 (Hybrid) xHD | H53: MFL.08 | I53: =_xlfn.XLOOKUP(H53,'Alternative Tool Body Sheet'!A:A,'Alternative Tool Body Sheet'!C:C) -> 8 MFL | J53: =IF(ISNUMBER(SEARCH("Legacy",D53)),5, IF(OR(ISNUMBER(SEARCH("MDS",D53)),ISNUMBER(SEARCH("EMAT",D53))),7,"")) -> 5 | K53: XHD | L53: 8.625 | M53: 7 | P53: 7.625 | Q53: 1.5D | R53: 7.63 | T53: 7.25 | U53: 0D | V53: 10 | W53: 10 | X53: 0.438 | Y53: 1 | Z53: 0.438 | AD53: 24 | AH53: 72 | AN53: 750 | AO53: 90 | AP53: 17 | AQ53: 195 | AR53: 23 | AT53: 46 | AV53: 3.92 | AW53: 0.33 | AX53: 375 | AY53: 2000 | AZ53: D1332 | BA53: NO | BB53: NO | BC53: NO | BD53: NO | BE53: NO | BF53: 1/12/18vdc | BG53: 1/6/21.6vdc | BH53: 14 to 131 | BI53: 8 | BJ53: 1 | BK53: 2 | BL53: 10 | BM53: 4 | BN53: 10 | BO53: 8 | BP53: 8 | BQ53: 2 | BR53: 10 | BS53: 4 | BT53: 10 | BX53: 08_215 | CJ53: FALSE | CT53: 110250 | CV53: MFL.08 | CW53: =TRIM(CV53) -> MFL.08
A54: 122501 | B54: 8 | C54: 8'' MFL5+DEF5+SMFL2+LFM | D54: MDS | E54: DEF,IDOD,LFM,MFL,SpirALL® MFL | G54: 8" MFL5+DEF5+SMFL2+LFM (V2) | H54: DEF.LFM.MFL.SMFL.08 | I54: =_xlfn.XLOOKUP(H54,'Alternative Tool Body Sheet'!A:A,'Alternative Tool Body Sheet'!C:C) -> 8 MDS V2 | J54: =IF(ISNUMBER(SEARCH("Legacy",D54)),5, IF(OR(ISNUMBER(SEARCH("MDS",D54)),ISNUMBER(SEARCH("EMAT",D54))),7,"")) -> 7 | K54: XHD | L54: 8.625 | M54: 7.15 | N54: 17.1 | P54: 7.625 | Q54: 1.5D | R54: 7.63 | U54: 3D | V54: 10 | W54: 10 | X54: 0.4 | Y54: 1 | Z54: 0.412 | AA54: 36 | AD54: 36 | AF54: 72 | AH54: 72 | AJ54: 200 | AN54: 750 | AO54: 103 | AQ54: 375 | AT54: 64 | AX54: 375 | AY54: 2000 | AZ54: D2749 | BA54: NO | BB54: YES | BC54: YES | BD54: NO | BE54: YES | BF54: N/A | BG54: N/A | BH54: 14 to 131 | BI54: 9 | BJ54: 1 | BK54: 2 | BL54: 10 | BM54: 4 | BN54: 11 | BO54: 9 | BP54: 9 | BQ54: 2 | BR54: 10 | BS54: 4 | BT54: 11 | BX54: 121003 | BY54: 120927 | CD54: 121111 | CJ54: TRUE | CT54: 122501 | CV54: DEF.LFM.MFL.SMFL.08 | CW54: =TRIM(CV54) -> DEF.LFM.MFL.SMFL.08
A55: 123291 | B55: 8 | C55: 8" GMFL + DEF (xHD) | D55: Legacy | E55: DEF,GMFL,IDOD | G55: 8" GMFL+DEF (xHD) | H55: DEF.GMFL.08 | I55: =_xlfn.XLOOKUP(H55,'Alternative Tool Body Sheet'!A:A,'Alternative Tool Body Sheet'!C:C) -> 8 DEF | J55: =IF(ISNUMBER(SEARCH("Legacy",D55)),5, IF(OR(ISNUMBER(SEARCH("MDS",D55)),ISNUMBER(SEARCH("EMAT",D55))),7,"")) -> 5 | K55: XHD | L55: 8.625 | M55: 7 | N55: 17.1 | O55: 7.5 | P55: 7.25 | Q55: 1.5D | R55: 7.5 | S55: 7.33 | T55: 7.15 | U55: 3D | V55: 10 | W55: 10 | X55: 0.471 | Y55: 1 | Z55: 0.53 | AA55: 25 | AC55: 72 | AD55: 24 | AN55: 750 | AO55: 113.1 | AP55: 19.2 | AQ55: 285 | AR55: 35 | AT55: 27 | AV55: 12.3 | AW55: 0.45 | AX55: 375 | AY55: 2000 | AZ55: D2864 | BA55: NO | BB55: YES | BC55: YES | BD55: NO | BE55: YES | BF55: N/A | BG55: 1/6/21.6vdc | BH55: 14 to 131 | BI55: 10 | BJ55: 1 | BK55: 2 | BL55: 10 | BM55: 4 | BN55: 13 | BO55: 10 | BP55: 10 | BQ55: 2 | BR55: 10 | BS55: 4 | BT55: 13 | BY55: 108564 | CI55: 109401 | CJ55: FALSE | CT55: 123291 | CV55: DEF.GMFL.08 | CW55: =TRIM(CV55) -> DEF.GMFL.08
A56: 113594 | B56: 8 | C56: 8" MFL2 (Hybrid)+XYZ (xHD) | D56: Legacy | E56: IDOD,MFL,XYZ | G56: 8" MFL2 (Hybrid)+XYZ (xHD) | H56: MFL.XYZ.08 | I56: =_xlfn.XLOOKUP(H56,'Alternative Tool Body Sheet'!A:A,'Alternative Tool Body Sheet'!C:C) -> 8 MFL | J56: =IF(ISNUMBER(SEARCH("Legacy",D56)),5, IF(OR(ISNUMBER(SEARCH("MDS",D56)),ISNUMBER(SEARCH("EMAT",D56))),7,"")) -> 5 | K56: XHD | L56: 8.625 | M56: 7 | P56: 7.625 | Q56: 1.5D | R56: 7.63 | T56: 7.25 | V56: 10 | W56: 10 | X56: 0.438 | Y56: 1 | Z56: 0.438 | AD56: 24 | AH56: 72 | AN56: 750 | AO56: 106 | AP56: 17 | AQ56: 225 | AR56: 23 | AT56: 18 | AV56: 15.6 | AW56: 1.3 | AX56: 375 | AY56: 2000 | AZ56: D1491 | BA56: NO | BB56: NO | BC56: NO | BD56: NO | BE56: NO | BF56: 1/12/18vdc | BG56: 1/6/21.6vdc | BH56: 14 to 131 | BI56: 9 | BJ56: 1 | BK56: 2 | BL56: 10 | BM56: 4 | BN56: 12 | BO56: 9 | BP56: 9 | BQ56: 2 | BR56: 10 | BS56: 4 | BT56: 12 | BX56: 08_215 | CJ56: FALSE | CT56: 113594 | CV56: MFL.XYZ.08 | CW56: =TRIM(CV56) -> MFL.XYZ.08
A57: 122972 | B57: 8 | C57: 8" DEF + XYZ NH3 | D57: Legacy | E57: DEF,XYZ | G57: 8" DEF+XYZ (NH3) | H57: DEF.XYZ.08 | I57: =_xlfn.XLOOKUP(H57,'Alternative Tool Body Sheet'!A:A,'Alternative Tool Body Sheet'!C:C) -> 8 DEF | J57: =IF(ISNUMBER(SEARCH("Legacy",D57)),5, IF(OR(ISNUMBER(SEARCH("MDS",D57)),ISNUMBER(SEARCH("EMAT",D57))),7,"")) -> 5 | K57: Gen 4 | L57: 8.625 | M57: 6.5 | N57: 24.64 | P57: 7.625 | Q57: 3D | S57: 7.13 | U57: 3D | V57: 15 | AA57: 12 | AN57: 750 | AO57: 116.7 | AQ57: 90 | AS57: 45.87 | AX57: 375 | AY57: 2000 | AZ57: D2840 | BA57: NO | BB57: NO | BC57: NO | BD57: NO | BE57: NO | BF57: N/A | BG57: N/A | BH57: 14 to 131 | BI57: 10 | BJ57: 1 | BK57: 2 | BL57: 10 | BM57: 4 | BN57: 13 | BO57: 10 | BP57: 10 | BQ57: 2 | BR57: 10 | BS57: 4 | BT57: 13 | BY57: 108564 | CJ57: FALSE | CT57: 122972 | CV57: DEF.XYZ.08 | CW57: =TRIM(CV57) -> DEF.XYZ.08
A58: 129297 | B58: 8 | C58: 8" MDS FLEX DEF+MFL4+XYZ | D58: MDS | E58: DEF,Flex MFL,IDOD,XYZ | G58: 8" MDS FLEX MFL4+DEF+XYZ (V1) | H58: FLEX.DEFMFLXYZ.V1.08 | I58: =_xlfn.XLOOKUP(H58,'Alternative Tool Body Sheet'!A:A,'Alternative Tool Body Sheet'!C:C) -> 8 MDS V1 | J58: =IF(ISNUMBER(SEARCH("Legacy",D58)),5, IF(OR(ISNUMBER(SEARCH("MDS",D58)),ISNUMBER(SEARCH("EMAT",D58))),7,"")) -> 7 | K58: XHD | L58: 8.625 | M58: 7.15 | P58: 7.625 | Q58: 1.5D | R58: 7.63 | U58: 3D | V58: 10 | W58: 10 | X58: 0.4 | Y58: 1 | Z58: 0.412 | AA58: 36 | AB58: 72 | AD58: 36 | AN58: 750 | AO58: 109 | AQ58: 291 | AT58: 43 | AX58: 375 | AY58: 2000 | AZ58: D3621 | BA58: NO | BB58: YES | BC58: YES | BD58: YES | BE58: NO | BF58: N/A | BG58: N/A | BH58: 14 to 131 | BI58: 10 | BJ58: 1 | BK58: 2 | BL58: 10 | BM58: 4 | BN58: 13 | BO58: 10 | BP58: 10 | BQ58: 2 | BR58: 10 | BS58: 4 | BT58: 13 | BX58: 114560 | BY58: 110255 | CD58: 122013 | CJ58: FALSE | CT58: 129297 | CV58: FLEX.DEFMFLXYZ.V1.08 | CW58: =TRIM(CV58) -> FLEX.DEFMFLXYZ.V1.08
A59: 104863 | B59: 8 | C59: 8" LGT | D59: Legacy | E59: DEF | G59: 8" DEF3 | H59: DEF.08 | I59: =_xlfn.XLOOKUP(H59,'Alternative Tool Body Sheet'!A:A,'Alternative Tool Body Sheet'!C:C) -> 8 DEF | J59: =IF(ISNUMBER(SEARCH("Legacy",D59)),5, IF(OR(ISNUMBER(SEARCH("MDS",D59)),ISNUMBER(SEARCH("EMAT",D59))),7,"")) -> 5 | K59: Gen 3 | L59: 8.625 | M59: 6 | N59: 30.43 | P59: 7.625 | Q59: 1.5D | R59: 7.13 | T59: 6 | U59: 0D | V59: 15 | AA59: 19 | AN59: 750 | AO59: 62 | AP59: 19 | AQ59: 61 | AR59: 25 | AT59: 56 | AV59: 3.22 | AW59: 0.27 | AX59: 375 | AY59: 2000 | AZ59: D1405 | BA59: NO | BB59: YES | BC59: YES | BD59: NO | BE59: NO | BF59: N/A | BG59: 1/5/18vdc | BH59: 14 to 131 | BI59: 6 | BJ59: 1 | BK59: 2 | BL59: 10 | BM59: 4 | BN59: 8 | BO59: 6 | BP59: 6 | BQ59: 2 | BR59: 10 | BS59: 4 | BT59: 8 | BY59: 108564 | CJ59: FALSE | CT59: 104863 | CV59: DEF.08 | CW59: =TRIM(CV59) -> DEF.08
A60: 129296 | B60: 8 | C60: 8" MDS FLEX DEF+MFL4 | D60: MDS | E60: DEF,Flex MFL,IDOD | G60: 8" MDS FLEX MFL4+DEF (V1) | H60: FLEX.DEF.MFL.V1.08 | I60: =_xlfn.XLOOKUP(H60,'Alternative Tool Body Sheet'!A:A,'Alternative Tool Body Sheet'!C:C) -> 8 MDS V1 | J60: =IF(ISNUMBER(SEARCH("Legacy",D60)),5, IF(OR(ISNUMBER(SEARCH("MDS",D60)),ISNUMBER(SEARCH("EMAT",D60))),7,"")) -> 7 | K60: XHD | L60: 8.625 | M60: 7.15 | Q60: 1.5D | R60: 7.63 | U60: 3D | V60: 10 | W60: 10 | X60: 0.4 | Y60: 1 | Z60: 0.412 | AA60: 36 | AB60: 72 | AD60: 36 | AN60: 750 | AO60: 72 | AQ60: 208 | AT60: 67 | AX60: 375 | AY60: 2000 | AZ60: D3620 | BA60: NO | BB60: YES | BC60: YES | BD60: YES | BE60: NO | BF60: N/A | BG60: N/A | BH60: 14 to 131 | BI60: 6 | BJ60: 1 | BK60: 2 | BL60: 10 | BM60: 4 | BN60: 8 | BO60: 6 | BP60: 6 | BQ60: 2 | BR60: 10 | BS60: 4 | BT60: 8 | BX60: 114560 | BY60: 110255 | CJ60: FALSE | CT60: 129296 | CV60: FLEX.DEF.MFL.V1.08 | CW60: =TRIM(CV60) -> FLEX.DEF.MFL.V1.08
A61: 122500 | B61: 8 | C61: 8'' MFL5+DEF5+SMFL2+XYZ+LFM | D61: MDS | E61: DEF,IDOD,LFM,MFL,SpirALL® MFL,XYZ | G61: 8" MFL5+DEF5+SMFL2+XYZ+LFM (V2) | H61: DEF.LFM.MFL.SMFL.XYZ.08 | I61: =_xlfn.XLOOKUP(H61,'Alternative Tool Body Sheet'!A:A,'Alternative Tool Body Sheet'!C:C) -> 8 MDS V2 | J61: =IF(ISNUMBER(SEARCH("Legacy",D61)),5, IF(OR(ISNUMBER(SEARCH("MDS",D61)),ISNUMBER(SEARCH("EMAT",D61))),7,"")) -> 7 | K61: XHD | L61: 8.625 | M61: 7.15 | N61: 17.1 | P61: 7.625 | Q61: 1.5D | R61: 7.63 | U61: 3D | V61: 10 | W61: 10 | X61: 0.4 | Y61: 1 | Z61: 0.412 | AA61: 36 | AD61: 36 | AF61: 72 | AH61: 72 | AJ61: 200 | AN61: 750 | AO61: 143 | AQ61: 475 | AT61: 19 | AX61: 375 | AY61: 2000 | AZ61: D2750 | BA61: NO | BB61: YES | BC61: YES | BD61: NO | BE61: YES | BF61: N/A | BG61: N/A | BH61: 14 to 131 | BI61: 12 | BJ61: 1 | BK61: 2 | BL61: 10 | BM61: 4 | BN61: 15 | BO61: 12 | BP61: 12 | BQ61: 2 | BR61: 10 | BS61: 4 | BT61: 15 | BX61: 121003 | BY61: 120927 | CD61: 121111 | CJ61: TRUE | CT61: 122500 | CV61: DEF.LFM.MFL.SMFL.XYZ.08 | CW61: =TRIM(CV61) -> DEF.LFM.MFL.SMFL.XYZ.08
A62: 113623 | B62: 8 | C62: 8" MFL+DEF+XYZ (xHD) | D62: Legacy | E62: DEF,IDOD,MFL,XYZ | G62: 8" MFL+DEF+XYZ (xHD) | H62: DEF.MFL.XYZ.08 | I62: 8 MFL | J62: =IF(ISNUMBER(SEARCH("Legacy",D62)),5, IF(OR(ISNUMBER(SEARCH("MDS",D62)),ISNUMBER(SEARCH("EMAT",D62))),7,"")) -> 5 | K62: XHD | L62: 8.625 | M62: 7.15 | N62: 17.1 | P62: 7.625 | Q62: 1.5D | R62: 7.625 | T62: 7.38 | U62: 3D | V62: 10 | W62: 10 | X62: 0.438 | Y62: 1 | Z62: 0.438 | AA62: 25 | AD62: 24 | AH62: 72 | AN62: 750 | AO62: 138 | AP62: 17 | AQ62: 351 | AR62: 35 | AT62: 21 | AV62: 24.3 | AW62: 2.03 | AX62: 250 | AY62: 2000 | AZ62: D2274 | BA62: NO | BB62: YES | BC62: YES | BD62: NO | BE62: NO | BF62: 1/12/18vdc | BG62: 1/6/21.6vdc | BH62: 14 to 131 | BI62: 12 | BJ62: 1 | BK62: 2 | BL62: 10 | BM62: 4 | BN62: 15 | BO62: 12 | BP62: 12 | BQ62: 2 | BR62: 10 | BS62: 4 | BT62: 15 | BX62: 08_215 | BY62: 108564 | CJ62: FALSE | CT62: 113623 | CV62: DEF.MFL.XYZ.08 | CW62: =TRIM(CV62) -> DEF.MFL.XYZ.08
A63: 129313 | B63: 8 | C63: 8" MDS FLEX DEF5+MFL5+XYZ | D63: MDS | E63: DEF,Flex MFL,IDOD,XYZ | G63: 8" MDS FLEX MFL5+DEF5+XYZ (V2) | H63: FLEX.DEFMFLXYZ.V2.08 | I63: =_xlfn.XLOOKUP(H63,'Alternative Tool Body Sheet'!A:A,'Alternative Tool Body Sheet'!C:C) -> 8 MDS V2 | J63: =IF(ISNUMBER(SEARCH("Legacy",D63)),5, IF(OR(ISNUMBER(SEARCH("MDS",D63)),ISNUMBER(SEARCH("EMAT",D63))),7,"")) -> 7 | K63: XHD | L63: 8.625 | M63: 7.045 | Q63: 1.5D | R63: 7.63 | U63: 3D | V63: 10 | W63: 10 | X63: 0.4 | Y63: 1 | Z63: 0.412 | AA63: 36 | AB63: 72 | AD63: 36 | AN63: 750 | AO63: 104 | AQ63: 269 | AT63: 52 | AX63: 375 | AY63: 2000 | AZ63: D3623 | BA63: NO | BB63: YES | BC63: YES | BD63: NO | BE63: YES | BF63: N/A | BG63: N/A | BH63: 14 to 131 | BI63: 9 | BJ63: 1 | BK63: 2 | BL63: 12 | BM63: 4 | BN63: 12 | BO63: 9 | BP63: 11 | BQ63: 2 | BR63: 12 | BS63: 4 | BT63: 12 | BX63: 121003 | BY63: 120927 | CD63: 121111 | CJ63: TRUE | CT63: 129313 | CV63: FLEX.DEFMFLXYZ.V2.08 | CW63: =TRIM(CV63) -> FLEX.DEFMFLXYZ.V2.08
A64: 130605 | B64: 8 | C64: 8" MDS FLEX DEF7+MFL6 | D64: MDS | E64: DEF,IDOD,MFL | G64: 8" DEF+Ultra Res MFL | H64: DEF.UMFL.V1.08 | I64: =_xlfn.XLOOKUP(H64,'Alternative Tool Body Sheet'!A:A,'Alternative Tool Body Sheet'!C:C) -> 8 MDS V1 | J64: =IF(ISNUMBER(SEARCH("Legacy",D64)),5, IF(OR(ISNUMBER(SEARCH("MDS",D64)),ISNUMBER(SEARCH("EMAT",D64))),7,"")) -> 7 | K64: XHD | L64: 8.625 | M64: 7.045 | Q64: 1.5D | R64: 7.63 | U64: 3D | V64: 10 | W64: 10 | X64: 0.4 | Y64: 1 | Z64: 0.412 | AA64: 36 | AD64: 36 | AH64: 148 | AN64: 750 | AO64: 69 | AQ64: 203 | AT64: 61 | AX64: 375 | AY64: 2000 | AZ64: D3723 | BA64: NO | BB64: YES | BC64: YES | BD64: YES | BE64: NO | BF64: N/A | BG64: N/A | BH64: 14 to 131 | BI64: 6 | BJ64: 1 | BK64: 2 | BL64: 10 | BM64: 4 | BN64: 8 | BO64: 6 | BP64: 6 | BQ64: 2 | BR64: 10 | BS64: 4 | BT64: 8 | BX64: 130501 | BY64: 110255 | CJ64: FALSE | CT64: 130605 | CV64: DEF.UMFL.V1.08 | CW64: =TRIM(CV64) -> DEF.UMFL.V1.08
A65: 130603 | B65: 8 | C65: 8" MDS FLEX DEF7+LFM+MFL6 | D65: MDS | E65: DEF,IDOD,LFM,MFL | G65: 8" MDS FLEX DEF7+LFM+MFL6 | H65: DEF.LFM.UMFL.V2.08 | I65: 8 MDS V2 | J65: =IF(ISNUMBER(SEARCH("Legacy",D65)),5, IF(OR(ISNUMBER(SEARCH("MDS",D65)),ISNUMBER(SEARCH("EMAT",D65))),7,"")) -> 7 | K65: XHD | L65: 8.625 | M65: 7.045 | N65: 17.1 | P65: 7.625 | Q65: 1.5D | R65: 7.63 | U65: 3D | V65: 10 | W65: 10 | X65: 0.4 | Y65: 1 | Z65: 0.412 | AA65: 36 | AD65: 36 | AF65: 72 | AH65: 148 | AN65: 750 | AO65: 69.5 | AQ65: 201 | AT65: 54 | AX65: 375 | AY65: 2000 | AZ65: D3721 | BA65: NO | BB65: YES | BC65: YES | BD65: NO | BE65: YES | BF65: N/A | BG65: N/A | BH65: 14 to 131 | BI65: 6 | BJ65: 1 | BK65: 2 | BL65: 10 | BM65: 4 | BN65: 8 | BO65: 6 | BP65: 6 | BQ65: 2 | BR65: 10 | BS65: 4 | BT65: 8 | BX65: 130501 | BY65: 120927 | CJ65: FALSE | CT65: 130603 | CV65: DEF.LFM.UMFL.V2.08 | CW65: =TRIM(CV65) -> DEF.LFM.UMFL.V2.08
A66: 123926 | B66: 8 | C66: 8" MFL4+DEF+SMFL+RES+XYZ | D66: MDS | E66: DEF,IDOD,MFL,RES,SpirALL® MFL,XYZ | G66: 8" MFL4+DEF+SMFL+RES+XYZ (V1) | H66: DEF.MFL.RES.SMFL.XYZ.08 | I66: =_xlfn.XLOOKUP(H66,'Alternative Tool Body Sheet'!A:A,'Alternative Tool Body Sheet'!C:C) -> 8 MDS V1 | J66: =IF(ISNUMBER(SEARCH("Legacy",D66)),5, IF(OR(ISNUMBER(SEARCH("MDS",D66)),ISNUMBER(SEARCH("EMAT",D66))),7,"")) -> 7 | K66: XHD | L66: 8.625 | M66: 7.15 | Q66: 3D | S66: 7.4 | U66: 3D | V66: 10 | W66: 10 | X66: 0.4 | Y66: 1 | Z66: 0.412 | AA66: 36 | AD66: 36 | AH66: 72 | AI66: 72 | AJ66: 180 | AN66: 750 | AO66: 128 | AQ66: 366 | AT66: 50 | AX66: 375 | AY66: 2000 | AZ66: D2931 | BA66: NO | BB66: NO | BC66: NO | BD66: NO | BE66: NO | BF66: N/A | BG66: N/A | BH66: 14 to 131 | BI66: 11 | BJ66: 1 | BK66: 2 | BL66: 10 | BM66: 4 | BN66: 14 | BO66: 11 | BP66: 11 | BQ66: 2 | BR66: 10 | BS66: 4 | BT66: 14 | BX66: 114560 | BY66: 110255 | CD66: 122013 | CJ66: FALSE | CT66: 123926 | CV66: DEF.MFL.RES.SMFL.XYZ.08 | CW66: =TRIM(CV66) -> DEF.MFL.RES.SMFL.XYZ.08
A67: 129312 | B67: 8 | C67: 8" MDS FLEX DEF5+MFL5 | D67: MDS | E67: DEF,Flex MFL,IDOD | G67: 8" MDS FLEX MFL5+DEF5 | H67: FLEX.DEF.MFL.V2.08 | I67: =_xlfn.XLOOKUP(H67,'Alternative Tool Body Sheet'!A:A,'Alternative Tool Body Sheet'!C:C) -> 8 MDS V2 | J67: =IF(ISNUMBER(SEARCH("Legacy",D67)),5, IF(OR(ISNUMBER(SEARCH("MDS",D67)),ISNUMBER(SEARCH("EMAT",D67))),7,"")) -> 7 | K67: XHD | L67: 8.625 | M67: 7.045 | Q67: 1.5D | R67: 7.63 | U67: 3D | V67: 10 | W67: 10 | X67: 0.4 | Y67: 1 | Z67: 0.412 | AA67: 36 | AB67: 72 | AD67: 36 | AN67: 750 | AO67: 69 | AQ67: 203 | AT67: 67 | AX67: 375 | AY67: 2000 | AZ67: D3622 | BA67: NO | BB67: YES | BC67: YES | BD67: YES | BE67: NO | BF67: N/A | BG67: N/A | BH67: 14 to 131 | BI67: 6 | BJ67: 1 | BK67: 2 | BL67: 10 | BM67: 4 | BN67: 8 | BO67: 6 | BP67: 6 | BQ67: 2 | BR67: 10 | BS67: 4 | BT67: 8 | BX67: 121003 | BY67: 120927 | CJ67: TRUE | CT67: 129312 | CV67: FLEX.DEF.MFL.V2.08 | CW67: =TRIM(CV67) -> FLEX.DEF.MFL.V2.08
A68: 08_650 | B68: 8 | C68: 8" LGT | D68: Legacy | E68: LGT | G68: 8" LGT | H68: LGT.08 | I68: =_xlfn.XLOOKUP(H68,'Alternative Tool Body Sheet'!A:A,'Alternative Tool Body Sheet'!C:C) -> 8/10 LGT | J68: =IF(ISNUMBER(SEARCH("Legacy",D68)),5, IF(OR(ISNUMBER(SEARCH("MDS",D68)),ISNUMBER(SEARCH("EMAT",D68))),7,"")) -> 5 | K68: Gen 3 | L68: 8.625 | M68: 6 | N68: 30.43 | P68: 7.625 | Q68: 1.5D | R68: 7.13 | U68: 3D | V68: 15 | AG68: 19 | AN68: 750 | AO68: 70 | AP68: 19 | AQ68: 63 | AR68: 25 | AT68: 116 | AV68: 3.4 | AW68: 0.28 | AX68: 375 | AY68: 2000 | AZ68: D1034 | BA68: NO | BB68: NO | BC68: NO | BD68: NO | BE68: NO | BF68: 1/15/22.5vdc | BG68: 1/5/18vdc | BH68: 14 to 131 | BI68: 6 | BJ68: 1 | BK68: 2 | BL68: 10 | BM68: 4 | BN68: 8 | BO68: 6 | BP68: 6 | BQ68: 2 | BR68: 10 | BS68: 4 | BT68: 8 | BY68: 112179 | CJ68: FALSE | CT68: 08_650 | CV68: LGT.08 | CW68: =TRIM(CV68) -> LGT.08
A69: 122502 | B69: 8 | C69: 8'' MFL5+DEF5+XYZ+LFM | D69: MDS | E69: DEF,Flex MFL,IDOD,LFM,XYZ | G69: 8" MDS FLEX MFL5+DEF5+XYZ+LFM (V2) | H69: FLEXDEFLFMMFLXYZ.08 | I69: 8 MDS V2 | J69: =IF(ISNUMBER(SEARCH("Legacy",D69)),5, IF(OR(ISNUMBER(SEARCH("MDS",D69)),ISNUMBER(SEARCH("EMAT",D69))),7,"")) -> 7 | K69: XHD | L69: 8.625 | M69: 7.045 | N69: 17.1 | P69: 7.625 | Q69: 1.5D | R69: 7.63 | U69: 3D | V69: 10 | W69: 10 | X69: 0.4 | Y69: 1 | Z69: 0.412 | AA69: 36 | AB69: 72 | AD69: 36 | AF69: 72 | AN69: 750 | AO69: 104 | AQ69: 301 | AT69: 52 | AX69: 375 | AY69: 2000 | AZ69: D2751 | BA69: NO | BB69: YES | BC69: YES | BD69: NO | BE69: YES | BF69: N/A | BG69: N/A | BH69: 14 to 131 | BI69: 9 | BJ69: 1 | BK69: 2 | BL69: 10 | BM69: 4 | BN69: 11 | BO69: 9 | BP69: 9 | BQ69: 2 | BR69: 10 | BS69: 4 | BT69: 11 | BX69: 121003 | BY69: 120927 | CJ69: TRUE | CT69: 122502 | CV69: FLEXDEFLFMMFLXYZ.08 | CW69: =TRIM(CV69) -> FLEXDEFLFMMFLXYZ.08
A70: 130604 | B70: 8 | C70: 8" MDS FLEX DEF7+MFL6+XYZ | D70: MDS | E70: DEF,IDOD,MFL,XYZ | G70: 8" DEF+Ultra Res MFL+XYZ | H70: DEF.UMFL.XYZ.V1.08 | I70: =_xlfn.XLOOKUP(H70,'Alternative Tool Body Sheet'!A:A,'Alternative Tool Body Sheet'!C:C) -> 8 MDS V1 | J70: =IF(ISNUMBER(SEARCH("Legacy",D70)),5, IF(OR(ISNUMBER(SEARCH("MDS",D70)),ISNUMBER(SEARCH("EMAT",D70))),7,"")) -> 7 | K70: XHD | L70: 8.625 | M70: 7.045 | Q70: 1.5D | R70: 7.63 | U70: 3D | V70: 10 | W70: 10 | X70: 0.4 | Y70: 1 | Z70: 0.412 | AA70: 36 | AD70: 36 | AH70: 148 | AN70: 750 | AO70: 104 | AQ70: 269 | AT70: 36 | AX70: 375 | AY70: 2000 | AZ70: D3722 | BA70: NO | BB70: YES | BC70: YES | BD70: NO | BE70: YES | BF70: N/A | BG70: N/A | BH70: 14 to 131 | BI70: 9 | BJ70: 1 | BK70: 2 | BL70: 10 | BM70: 4 | BN70: 12 | BO70: 9 | BP70: 9 | BQ70: 2 | BR70: 10 | BS70: 4 | BT70: 12 | BX70: 130501 | BY70: 110255 | CJ70: FALSE | CT70: 130604 | CV70: DEF.UMFL.XYZ.V1.08 | CW70: =TRIM(CV70) -> DEF.UMFL.XYZ.V1.08
A71: 127126 | B71: 8 | C71: 8" GMFL+DEF+XYZ(xHD) | D71: Legacy | E71: DEF,GMFL,IDOD,XYZ | G71: 8" DEF+GMFL+XYZ (xHD) | H71: DEF.GMFL.XYZ.08 | I71: 8 GMFL | J71: =IF(ISNUMBER(SEARCH("Legacy",D71)),5, IF(OR(ISNUMBER(SEARCH("MDS",D71)),ISNUMBER(SEARCH("EMAT",D71))),7,"")) -> 5 | K71: XHD | L71: 8.625 | M71: 7 | Q71: 1.5D | R71: 7.5 | U71: 3D | V71: 10 | W71: 10 | X71: 0.471 | Y71: 1 | Z71: 0.53 | AA71: 25 | AC71: 72 | AD71: 24 | AN71: 750 | AO71: 132 | AQ71: 285 | AS71: 17 | AX71: 375 | AY71: 2000 | AZ71: D3508 | BA71: NO | BB71: NO | BC71: NO | BD71: NO | BE71: NO | BF71: N/A | BG71: N/A | BH71: 14 to 131 | BI71: 11 | BJ71: 1 | BK71: 2 | BL71: 10 | BM71: 4 | BN71: 14 | BO71: 11 | BP71: 11 | BQ71: 2 | BR71: 10 | BS71: 4 | BT71: 14 | BY71: 108564 | CI71: 109401 | CJ71: FALSE | CT71: 127126 | CV71: DEF.GMFL.XYZ.08 | CW71: =TRIM(CV71) -> DEF.GMFL.XYZ.08
A72: 130598 | B72: 8 | C72: 8" MDS FLEX DEF6+MFL6 | D72: MDS | E72: DEF,IDOD,MFL | G72: 8" FLEX DEF+ULTRA RES MFL | H72: DEF.UMFL.V2.08 | I72: 8 MDS V2 | J72: =IF(ISNUMBER(SEARCH("Legacy",D72)),5, IF(OR(ISNUMBER(SEARCH("MDS",D72)),ISNUMBER(SEARCH("EMAT",D72))),7,"")) -> 7 | K72: XHD | L72: 8.625 | M72: 7.15 | Q72: 3D | S72: 7.4 | U72: 3D | V72: 10 | W72: 10 | X72: 0.4 | Y72: 1 | Z72: 0.412 | AA72: 36 | AD72: 36 | AH72: 148 | AN72: 750 | AO72: 72 | AQ72: 208 | AT72: 61 | AX72: 375 | AY72: 2000 | AZ72: D3766 | BA72: NO | BB72: YES | BC72: YES | BD72: NO | BE72: YES | BF72: N/A | BG72: N/A | BH72: 14 to 131 | BI72: 6 | BJ72: 1 | BK72: 2 | BL72: 10 | BM72: 4 | BN72: 8 | BO72: 6 | BP72: 6 | BQ72: 2 | BR72: 10 | BS72: 4 | BT72: 8 | BX72: 130501 | BY72: 120927 | CJ72: FALSE | CT72: 130598 | CV72: DEF.UMFL.V2.08 | CW72: =TRIM(CV72) -> DEF.UMFL.V2.08
A73: 120640 | B73: 10 | C73: 10" MFL3+DEF+SMFL+XYZ+RES (1.5D) | D73: MDS | E73: DEF,IDOD,MFL,RES,SpirALL® MFL,XYZ | G73: 10" MFL3+DEF+SMFL+XYZ+RES | H73: DEF.MFL.RES.SMFL.XYZ.10 | I73: =_xlfn.XLOOKUP(H73,'Alternative Tool Body Sheet'!A:A,'Alternative Tool Body Sheet'!C:C) -> 10 MDS | J73: =IF(ISNUMBER(SEARCH("Legacy",D73)),5, IF(OR(ISNUMBER(SEARCH("MDS",D73)),ISNUMBER(SEARCH("EMAT",D73))),7,"")) -> 7 | K73: XHD | L73: 10.75 | M73: 9.1 | N73: 15.35 | P73: 9.75 | Q73: 1.5D | R73: 9.75 | U73: 3D | V73: 10 | W73: 10 | X73: 0.5 | Y73: 1 | Z73: 0.5 | AA73: 48 | AD73: 48 | AH73: 96 | AI73: 96 | AJ73: 240 | AN73: 750 | AO73: 148 | AP73: 21 | AQ73: 583 | AR73: 54 | AT73: 20 | AX73: 375 | AY73: 2000 | AZ73: D2647 | BA73: NO | BB73: NO | BC73: NO | BD73: NO | BE73: NO | BF73: N/A | BG73: N/A | BH73: 14 to 131 | BI73: 13 | BJ73: 1 | BK73: 2 | BL73: 12 | BM73: 4 | BN73: 18 | BO73: 13 | BP73: 13 | BQ73: 2 | BR73: 12 | BS73: 4 | BT73: 18 | BU73: 48 | BX73: 108081 | BY73: 110257 | CD73: 123689 | CJ73: FALSE | CT73: 120640 | CV73: DEF.MFL.RES.SMFL.XYZ.10 | CW73: =TRIM(CV73) -> DEF.MFL.RES.SMFL.XYZ.10
A74: 106627 | B74: 10 | C74: 10" DEF NH3 | D74: Legacy | E74: DEF | G74: 10" DEF (NH3) | H74: DEF.10 | I74: =_xlfn.XLOOKUP(H74,'Alternative Tool Body Sheet'!A:A,'Alternative Tool Body Sheet'!C:C) -> 10 DEF | J74: =IF(ISNUMBER(SEARCH("Legacy",D74)),5, IF(OR(ISNUMBER(SEARCH("MDS",D74)),ISNUMBER(SEARCH("EMAT",D74))),7,"")) -> 5 | K74: Gen 3 | L74: 10.75 | M74: 8.1 | N74: 24.65 | P74: 9.75 | Q74: 1.5D | R74: 9.25 | T74: 8.1 | U74: 3D | V74: 15 | AA74: 15 | AN74: 750 | AO74: 65 | AP74: 23 | AQ74: 140 | AR74: 55 | AT74: 59 | AV74: 5.2 | AW74: 0.43 | AX74: 300 | AY74: 2000 | AZ74: D1036 | BA74: YES | BB74: YES | BC74: YES | BD74: NO | BE74: NO | BF74: N/A | BG74: 3/4/14.4vdc | BH74: 14 to 131 | BI74: 6 | BJ74: 1 | BK74: 2 | BL74: 12 | BM74: 4 | BN74: 8 | BO74: 6 | BP74: 6 | BQ74: 2 | BR74: 12 | BS74: 4 | BT74: 8 | BY74: 112058 | CJ74: FALSE | CT74: 106627 | CV74: DEF.10 | CW74: =TRIM(CV74) -> DEF.10
A75: 120561 | B75: 10 | C75: 10" MFL3+DEF+SMFL+RES | D75: MDS | E75: DEF,IDOD,MFL,RES,SpirALL® MFL | G75: 10" MFL3+DEF+SMFL+RES | H75: DEF.MFL.RES.SMFL.10 | I75: =_xlfn.XLOOKUP(H75,'Alternative Tool Body Sheet'!A:A,'Alternative Tool Body Sheet'!C:C) -> 10 MDS | J75: =IF(ISNUMBER(SEARCH("Legacy",D75)),5, IF(OR(ISNUMBER(SEARCH("MDS",D75)),ISNUMBER(SEARCH("EMAT",D75))),7,"")) -> 7 | K75: XHD | L75: 10.75 | M75: 9.1 | N75: 15.35 | P75: 9.75 | Q75: 1.5D | R75: 9.75 | U75: 3D | V75: 10 | W75: 10 | X75: 0.5 | Y75: 1 | Z75: 0.5 | AA75: 48 | AD75: 48 | AH75: 96 | AI75: 96 | AJ75: 240 | AN75: 750 | AO75: 106 | AP75: 21 | AQ75: 468 | AR75: 54 | AT75: 36 | AV75: 7.5 | AX75: 375 | AY75: 2000 | AZ75: D2648 | BA75: NO | BB75: NO | BC75: NO | BD75: NO | BE75: NO | BF75: N/A | BG75: N/A | BH75: 14 to 131 | BI75: 9 | BJ75: 1 | BK75: 2 | BL75: 12 | BM75: 4 | BN75: 12 | BO75: 9 | BP75: 9 | BQ75: 2 | BR75: 12 | BS75: 4 | BT75: 12 | BX75: 108081 | BY75: 110257 | CD75: 123689 | CJ75: FALSE | CT75: 120561 | CV75: DEF.MFL.RES.SMFL.10 | CW75: =TRIM(CV75) -> DEF.MFL.RES.SMFL.10
A76: 130612 | B76: 10 | C76: 10" MDS FLEX DEF2+MFL4+XYZ | D76: MDS | E76: DEF,IDOD,MFL,XYZ | G76: 10" MDS FLEX DEF+ULTRA RES MFL+XYZ | H76: DEF.UMFL.XYZ.10 | I76: =_xlfn.XLOOKUP(H76,'Alternative Tool Body Sheet'!A:A,'Alternative Tool Body Sheet'!C:C) -> 10 MDS | J76: =IF(ISNUMBER(SEARCH("Legacy",D76)),5, IF(OR(ISNUMBER(SEARCH("MDS",D76)),ISNUMBER(SEARCH("EMAT",D76))),7,"")) -> 7 | K76: XHD | L76: 10.75 | M76: 9.1 | Q76: 1.5D | R76: 9.6 | U76: 3D | V76: 10 | W76: 10 | X76: 0.5 | Y76: 1 | Z76: 0.5 | AA76: 48 | AD76: 48 | AH76: 192 | AN76: 750 | AO76: 126 | AQ76: 437 | AT76: 34 | AX76: 375 | AY76: 2000 | AZ76: D3728 | BA76: NO | BB76: NO | BC76: YES | BD76: NO | BE76: YES | BF76: N/A | BG76: N/A | BH76: 14 to 131 | BI76: 11 | BJ76: 1 | BK76: 2 | BL76: 12 | BM76: 4 | BN76: 14 | BO76: 11 | BP76: 11 | BQ76: 2 | BR76: 12 | BS76: 4 | BT76: 14 | BX76: 130285 | BY76: 110257 | CJ76: FALSE | CT76: 130612 | CV76: DEF.UMFL.XYZ.10 | CW76: =TRIM(CV76) -> DEF.UMFL.XYZ.10
A77: 114362 | B77: 10 | C77: 10" GMFL+DEF+XYZ (ATEX) | D77: Legacy | E77: DEF,GMFL,IDOD,XYZ | G77: 10" GMFL+DEF+XYZ ATEX | H77: DEF.GMFL.XYZ.10 | I77: 10 GMFL | J77: =IF(ISNUMBER(SEARCH("Legacy",D77)),5, IF(OR(ISNUMBER(SEARCH("MDS",D77)),ISNUMBER(SEARCH("EMAT",D77))),7,"")) -> 5 | K77: XHD | L77: 10.75 | M77: 8.1 | N77: 24.65 | P77: 9.75 | Q77: 1.5D | R77: 9.25 | T77: 8.5 | U77: 0D | V77: 10 | W77: 10 | X77: 0.452 | Y77: 1 | Z77: 0.494 | AA77: 31 | AC77: 96 | AD77: 32 | AN77: 750 | AO77: 139 | AP77: 24 | AQ77: 305 | AR77: 55 | AT77: 19 | AX77: 300 | AY77: 2000 | AZ77: D2957 | BA77: NO | BB77: YES | BC77: YES | BD77: NO | BE77: NO | BF77: 0/0/0vdc | BG77: 0/0/0vdc | BH77: 14 to 131 | BI77: 12 | BJ77: 1 | BK77: 2 | BL77: 12 | BM77: 4 | BN77: 15 | BO77: 12 | BP77: 12 | BQ77: 2 | BR77: 12 | BS77: 4 | BT77: 15 | BY77: 113727 | CI77: 108557 | CJ77: FALSE | CT77: 114362 | CV77: DEF.GMFL.XYZ.10 | CW77: =TRIM(CV77) -> DEF.GMFL.XYZ.10
A78: 110403 | B78: 10 | C78: 10" DEF (ATEX) | D78: Legacy | E78: DEF | G78: 10" DEF ATEX | H78: DEF.10 | I78: =_xlfn.XLOOKUP(H78,'Alternative Tool Body Sheet'!A:A,'Alternative Tool Body Sheet'!C:C) -> 10 DEF | J78: =IF(ISNUMBER(SEARCH("Legacy",D78)),5, IF(OR(ISNUMBER(SEARCH("MDS",D78)),ISNUMBER(SEARCH("EMAT",D78))),7,"")) -> 5 | K78: XHD | L78: 10.75 | M78: 8.1 | N78: 24.65 | P78: 9.75 | Q78: 1.5D | R78: 9.25 | T78: 8.1 | U78: 3D | V78: 15 | AA78: 31 | AN78: 750 | AO78: 65 | AP78: 23 | AQ78: 140 | AR78: 55 | AT78: 75 | AX78: 300 | AY78: 2000 | AZ78: D3775 | BA78: NO | BB78: NO | BC78: NO | BD78: NO | BE78: NO | BF78: 3/8/12vdc | BG78: 3/4/14.4vdc | BH78: 14 to 131 | BI78: 6 | BJ78: 1 | BK78: 2 | BL78: 12 | BM78: 4 | BN78: 8 | BO78: 6 | BP78: 6 | BQ78: 2 | BR78: 12 | BS78: 4 | BT78: 8 | BY78: 112058 | CJ78: FALSE | CT78: 110403 | CV78: DEF.10 | CW78: =TRIM(CV78) -> DEF.10
A79: 129152 | B79: 10 | C79: 10" MFL3+DEF+XYZ+RES | D79: MDS | E79: DEF,Flex MFL,IDOD,RES,XYZ | G79: 10" MDS FLEX MFL3+DEF+RES+XYZ | H79: FLEXDEFMFLRESXYZ.10 | I79: 10 MDS | J79: =IF(ISNUMBER(SEARCH("Legacy",D79)),5, IF(OR(ISNUMBER(SEARCH("MDS",D79)),ISNUMBER(SEARCH("EMAT",D79))),7,"")) -> 7 | K79: XHD | L79: 10.75 | M79: 9.1 | Q79: 1.5D | R79: 9.6 | U79: 3D | V79: 10 | W79: 10 | X79: 0.5 | Y79: 1 | Z79: 0.5 | AA79: 48 | AB79: 96 | AD79: 48 | AI79: 96 | AN79: 750 | AO79: 126 | AP79: 21 | AQ79: 465 | AR79: 54 | AT79: 21 | AV79: 7.5 | AW79: 0.39 | AX79: 375 | AY79: 2000 | AZ79: D3614 | BA79: NO | BB79: NO | BC79: NO | BD79: NO | BE79: NO | BF79: N/A | BG79: 1/4/14.4vdc | BH79: 14 to 131 | BI79: 11 | BJ79: 1 | BK79: 2 | BL79: 12 | BM79: 4 | BN79: 14 | BO79: 11 | BP79: 11 | BQ79: 2 | BR79: 12 | BS79: 4 | BT79: 14 | BX79: 108081 | BY79: 110257 | CJ79: FALSE | CT79: 129152 | CV79: FLEXDEFMFLRESXYZ.10 | CW79: =TRIM(CV79) -> FLEXDEFMFLRESXYZ.10
A80: 119600 | B80: 10 | C80: 10" EMAT2 | D80: EMAT | E80: EMAT | G80: 10" (254 mm) | H80: EMAT.10 | I80: =_xlfn.XLOOKUP(H80,'Alternative Tool Body Sheet'!A:A,'Alternative Tool Body Sheet'!C:C) -> 10 EMAT | J80: =IF(ISNUMBER(SEARCH("Legacy",D80)),5, IF(OR(ISNUMBER(SEARCH("MDS",D80)),ISNUMBER(SEARCH("EMAT",D80))),7,"")) -> 7 | K80: XHD | L80: 10.75 | M80: 9.1 | P80: 9.75 | Q80: 1.5D | R80: 10 | U80: 3D | V80: 7.3 | AN80: 316 | AO80: 145.5 | AQ80: 647 | AT80: 67 | AU80: 133200 | AV80: 45 | AX80: 375 | AY80: 2000 | AZ80: D2576 | BA80: NO | BB80: YES | BC80: YES | BD80: NO | BE80: NO | BF80: N/A | BG80: 0/0/19.8vdc | BH80: 14 to 131 | BI80: 13 | BJ80: 1 | BK80: 2 | BL80: 12 | BM80: 4 | BN80: 18 | BO80: 13 | BP80: 13 | BQ80: 2 | BR80: 12 | BS80: 4 | BT80: 18 | CF80: 111201 | CJ80: FALSE | CT80: 119600 | CV80: EMAT.10 | CW80: =TRIM(CV80) -> EMAT.10
A81: 101050 | B81: 10 | C81: 10" MFL (8" Batt,) NH3 | D81: Legacy | E81: MFL | G81: 10" MFL (8" Batt, NH3) | H81: MFL.10 | I81: =_xlfn.XLOOKUP(H81,'Alternative Tool Body Sheet'!A:A,'Alternative Tool Body Sheet'!C:C) -> 10 MFL | J81: =IF(ISNUMBER(SEARCH("Legacy",D81)),5, IF(OR(ISNUMBER(SEARCH("MDS",D81)),ISNUMBER(SEARCH("EMAT",D81))),7,"")) -> 5 | K81: Gen 4 | L81: 10.75 | M81: 9.1 | P81: 9.75 | Q81: 1.5D | R81: 9.75 | T81: 9.2 | U81: 3D | V81: 10 | W81: 10 | X81: 0.562 | Y81: 1 | Z81: 0.562 | AH81: 96 | AN81: 750 | AO81: 109 | AP81: 23 | AQ81: 325 | AR81: 55 | AT81: 119 | AV81: 8 | AW81: 0.67 | AX81: 300 | AY81: 2000 | AZ81: D1042 | BA81: YES | BB81: YES | BC81: YES | BD81: NO | BE81: NO | BF81: 3/8/12vdc | BG81: 3/4/14.4vdc | BH81: 14 to 131 | BI81: 10 | BJ81: 1 | BK81: 2 | BL81: 12 | BM81: 4 | BN81: 13 | BO81: 10 | BP81: 10 | BQ81: 2 | BR81: 12 | BS81: 4 | BT81: 13 | BX81: 10_201 | CJ81: FALSE | CT81: 101050 | CV81: MFL.10 | CW81: =TRIM(CV81) -> MFL.10
A82: 130613 | B82: 10 | C82: 10" MDS PRO DEF2+MFL4+RES+SMFL | D82: MDS | E82: DEF,IDOD,MFL,RES,SpirALL® MFL | G82: 10" MDS DEF+RES+ULTRA RES MFL+SMFL3 | H82: DEF.RES.SMFL.UMFL.10 | I82: =_xlfn.XLOOKUP(H82,'Alternative Tool Body Sheet'!A:A,'Alternative Tool Body Sheet'!C:C) -> 10 MDS | J82: =IF(ISNUMBER(SEARCH("Legacy",D82)),5, IF(OR(ISNUMBER(SEARCH("MDS",D82)),ISNUMBER(SEARCH("EMAT",D82))),7,"")) -> 7 | K82: XHD | L82: 10.75 | M82: 9.1 | N82: 15.35 | P82: 9.75 | Q82: 1.5D | R82: 9.75 | U82: 3D | V82: 10 | W82: 10 | X82: 0.5 | Y82: 1 | Z82: 0.5 | AA82: 48 | AD82: 48 | AH82: 192 | AI82: 96 | AJ82: 240 | AN82: 750 | AO82: 106 | AP82: 21 | AQ82: 420 | AR82: 54 | AT82: 33 | AW82: 0.63 | AX82: 375 | AY82: 2000 | AZ82: D3725 | BA82: NO | BB82: NO | BC82: YES | BD82: NO | BE82: YES | BF82: N/A | BG82: 1/6/21.6vdc | BH82: 14 to 131 | BI82: 9 | BJ82: 1 | BK82: 2 | BL82: 12 | BM82: 4 | BN82: 12 | BO82: 9 | BP82: 9 | BQ82: 2 | BR82: 12 | BS82: 4 | BT82: 12 | BX82: 130285 | BY82: 110257 | CD82: 123689 | CJ82: FALSE | CT82: 130613 | CV82: DEF.RES.SMFL.UMFL.10 | CW82: =TRIM(CV82) -> DEF.RES.SMFL.UMFL.10
A83: 108558 | B83: 10 | C83: 10" GMFL+DEF (xHD) | D83: Legacy | E83: DEF,GMFL,IDOD | G83: 10" GMFL+DEF (xHD) | H83: DEF.GMFL.10 | I83: =_xlfn.XLOOKUP(H83,'Alternative Tool Body Sheet'!A:A,'Alternative Tool Body Sheet'!C:C) -> 10 GDEF | J83: =IF(ISNUMBER(SEARCH("Legacy",D83)),5, IF(OR(ISNUMBER(SEARCH("MDS",D83)),ISNUMBER(SEARCH("EMAT",D83))),7,"")) -> 5 | K83: XHD | L83: 10.75 | M83: 8.1 | N83: 24.65 | P83: 9.75 | Q83: 1.5D | R83: 9.25 | T83: 8.5 | U83: 0D | V83: 10 | W83: 10 | X83: 0.452 | Y83: 1 | Z83: 0.494 | AA83: 31 | AC83: 96 | AD83: 32 | AN83: 750 | AO83: 115 | AP83: 24 | AQ83: 267 | AR83: 40 | AT83: 50 | AV83: 3.68 | AW83: 0.31 | AX83: 300 | AY83: 2000 | AZ83: D2219 | BA83: NO | BB83: NO | BC83: YES | BD83: NO | BE83: YES | BF83: 3/12/18vdc | BG83: 3/4/14.4vdc | BH83: 14 to 131 | BI83: 10 | BJ83: 1 | BK83: 2 | BL83: 12 | BM83: 4 | BN83: 13 | BO83: 10 | BP83: 10 | BQ83: 2 | BR83: 12 | BS83: 4 | BT83: 13 | BY83: 113727 | CI83: 108557 | CJ83: FALSE | CT83: 108558 | CV83: DEF.GMFL.10 | CW83: =TRIM(CV83) -> DEF.GMFL.10
A84: 130611 | B84: 10 | C84: 10" MDS FLEX DEF2+MFL4 | D84: MDS | E84: DEF,IDOD,MFL | G84: 10" MDS FLEX DEF+ULTRA RES MFL | H84: DEF.UMFL.10 | I84: =_xlfn.XLOOKUP(H84,'Alternative Tool Body Sheet'!A:A,'Alternative Tool Body Sheet'!C:C) -> 10 MDS | J84: =IF(ISNUMBER(SEARCH("Legacy",D84)),5, IF(OR(ISNUMBER(SEARCH("MDS",D84)),ISNUMBER(SEARCH("EMAT",D84))),7,"")) -> 7 | K84: XHD | L84: 10.75 | M84: 9.1 | Q84: 1.5D | R84: 9.6 | U84: 3D | V84: 10 | W84: 10 | X84: 0.5 | Y84: 1 | Z84: 0.5 | AA84: 48 | AD84: 48 | AH84: 192 | AN84: 750 | AO84: 83 | AQ84: 317 | AT84: 51 | AX84: 375 | AY84: 2000 | AZ84: D3729 | BA84: NO | BB84: YES | BC84: YES | BD84: YES | BE84: NO | BF84: N/A | BG84: N/A | BH84: 14 to 131 | BI84: 7 | BJ84: 1 | BK84: 2 | BL84: 12 | BM84: 4 | BN84: 9 | BO84: 7 | BP84: 7 | BQ84: 2 | BR84: 12 | BS84: 4 | BT84: 9 | BX84: 130285 | BY84: 110257 | CJ84: FALSE | CT84: 130611 | CV84: DEF.UMFL.10 | CW84: =TRIM(CV84) -> DEF.UMFL.10
A85: 130614 | B85: 10 | C85: 10" MDS PRO DEF2+MFL4+RES+SMFL+XYZ | D85: MDS | E85: DEF,IDOD,MFL,RES,SpirALL® MFL,XYZ | G85: 10" DEF+RES+ULTRA RES MFL+SMFL3+XYZ | H85: DEF.RES.SMFL.UMFL.XYZ.10 | I85: 10 MDS | J85: =IF(ISNUMBER(SEARCH("Legacy",D85)),5, IF(OR(ISNUMBER(SEARCH("MDS",D85)),ISNUMBER(SEARCH("EMAT",D85))),7,"")) -> 7 | K85: XHD | L85: 10.75 | M85: 9.1 | N85: 15.35 | Q85: 1.5D | R85: 9.75 | U85: 3D | V85: 10 | W85: 10 | X85: 0.5 | Y85: 1 | Z85: 0.5 | AA85: 48 | AD85: 48 | AH85: 192 | AI85: 96 | AJ85: 240 | AN85: 750 | AO85: 148 | AP85: 21 | AQ85: 534 | AR85: 54 | AT85: 33 | AX85: 375 | AY85: 2000 | AZ85: D3724 | BA85: NO | BB85: NO | BC85: NO | BD85: NO | BE85: NO | BF85: N/A | BG85: N/A | BH85: 14 to 131 | BI85: 13 | BJ85: 1 | BK85: 2 | BL85: 12 | BM85: 4 | BN85: 18 | BO85: 13 | BP85: 13 | BQ85: 2 | BR85: 12 | BS85: 4 | BT85: 18 | BU85: 48 | BX85: 130285 | BY85: 110257 | CD85: 123689 | CJ85: FALSE | CT85: 130614 | CV85: DEF.RES.SMFL.UMFL.XYZ.10 | CW85: =TRIM(CV85) -> DEF.RES.SMFL.UMFL.XYZ.10
A86: 108556 | B86: 10 | C86: 10" GMFL (xHD) | D86: Legacy | E86: GMFL,IDOD | G86: 10" GMFL (xHD) | H86: GMFL.10 | I86: =_xlfn.XLOOKUP(H86,'Alternative Tool Body Sheet'!A:A,'Alternative Tool Body Sheet'!C:C) -> 10 GMFL | J86: =IF(ISNUMBER(SEARCH("Legacy",D86)),5, IF(OR(ISNUMBER(SEARCH("MDS",D86)),ISNUMBER(SEARCH("EMAT",D86))),7,"")) -> 5 | K86: XHD | L86: 10.75 | M86: 8.1 | P86: 9.75 | Q86: 1.5D | R86: 9.25 | T86: 8.5 | U86: 0D | V86: 10 | W86: 10 | X86: 0.452 | Y86: 1 | Z86: 0.494 | AC86: 96 | AD86: 32 | AN86: 750 | AO86: 113 | AP86: 24 | AQ86: 255 | AR86: 55 | AT86: 58 | AV86: 3.89 | AW86: 0.32 | AX86: 300 | AY86: 2000 | AZ86: D1039 | BA86: NO | BB86: NO | BC86: YES | BD86: NO | BE86: YES | BF86: 3/12/18vdc | BG86: 3/4/14.4vdc | BH86: 14 to 131 | BI86: 10 | BJ86: 1 | BK86: 2 | BL86: 12 | BM86: 4 | BN86: 13 | BO86: 10 | BP86: 10 | BQ86: 2 | BR86: 12 | BS86: 4 | BT86: 13 | CI86: 108557 | CJ86: FALSE | CT86: 108556 | CV86: GMFL.10 | CW86: =TRIM(CV86) -> GMFL.10
A87: 103200 | B87: 10,12 | C87: 12"x10" GMFL DUAL DIAMETER | D87: Legacy | E87: GMFL,IDOD | G87: 12x10" GMFL | H87: GMFL.10.12 | I87: 10 GMFL | J87: =IF(ISNUMBER(SEARCH("Legacy",D87)),5, IF(OR(ISNUMBER(SEARCH("MDS",D87)),ISNUMBER(SEARCH("EMAT",D87))),7,"")) -> 5 | K87: XHD | L87: 10.75,12.75 | M87: 9.25 | P87: 11.25 | Q87: 3D | R87: 9.75 | S87: 9.75 | T87: 9.35 | U87: 0D | V87: 10 | W87: 10 | X87: 0.614 | Y87: 1 | Z87: 0.71 | AC87: 108 | AD87: 36 | AN87: 750 | AO87: 120 | AP87: 25 | AQ87: 330 | AR87: 55 | AT87: 29 | AV87: 11.4 | AW87: 0.95 | AX87: 250 | AY87: 2000 | AZ87: D1316 | BA87: NO | BB87: NO | BC87: YES | BD87: NO | BE87: YES | BF87: N/A | BG87: 6/6/21.6vdc | BH87: 14 to 131 | BI87: 10 | BJ87: 2 | BK87: 2 | BL87: 14 | BM87: 4 | BN87: 13 | BO87: 10 | BP87: 10 | BQ87: 2 | BR87: 14 | BS87: 4 | BT87: 13 | CJ87: FALSE | CT87: 103200 | CV87: GMFL.10.12 | CW87: =TRIM(CV87) -> GMFL.10.12
A88: 108300 | B88: 10 | C88: 10" MFL3+DEF+RES | D88: MDS | E88: DEF,Flex MFL,IDOD,RES | G88: 10" MDS FLEX MFL3+DEF+RES | H88: FLEX.DEF.MFL.RES.10 | I88: =_xlfn.XLOOKUP(H88,'Alternative Tool Body Sheet'!A:A,'Alternative Tool Body Sheet'!C:C) -> 10 MDS | J88: =IF(ISNUMBER(SEARCH("Legacy",D88)),5, IF(OR(ISNUMBER(SEARCH("MDS",D88)),ISNUMBER(SEARCH("EMAT",D88))),7,"")) -> 7 | K88: XHD | L88: 10.75 | M88: 9.1 | N88: 15.35 | P88: 9.75 | Q88: 1.5D | R88: 9.6 | U88: 3D | V88: 10 | W88: 10 | X88: 0.5 | Y88: 1 | Z88: 0.5 | AA88: 48 | AB88: 96 | AD88: 48 | AI88: 96 | AN88: 750 | AO88: 83 | AP88: 21 | AQ88: 344 | AR88: 54 | AT88: 90 | AV88: 4.7 | AW88: 0.39 | AX88: 375 | AY88: 2000 | AZ88: D1700 | BA88: NO | BB88: NO | BC88: YES | BD88: NO | BE88: YES | BF88: N/A | BG88: 1/6/21.6vdc | BH88: 14 to 131 | BI88: 7 | BJ88: 1 | BK88: 2 | BL88: 12 | BM88: 4 | BN88: 9 | BO88: 7 | BP88: 7 | BQ88: 2 | BR88: 12 | BS88: 4 | BT88: 9 | BX88: 108081 | BY88: 110257 | CJ88: FALSE | CT88: 108300 | CV88: FLEX.DEF.MFL.RES.10 | CW88: =TRIM(CV88) -> FLEX.DEF.MFL.RES.10
A89: 113580 | B89: 10 | C89: 10" MFL+DEF+XYZ (xHD) | D89: Legacy | E89: DEF,IDOD,MFL,XYZ | G89: 10" MFL+DEF+XYZ ATEX | H89: DEF.MFL.XYZ.10 | I89: 10 MFL | J89: =IF(ISNUMBER(SEARCH("Legacy",D89)),5, IF(OR(ISNUMBER(SEARCH("MDS",D89)),ISNUMBER(SEARCH("EMAT",D89))),7,"")) -> 5 | K89: XHD | L89: 10.75 | M89: 9.1 | N89: 15.35 | P89: 9.75 | Q89: 1.5D | R89: 9.75 | S89: 9.75 | T89: 9.2 | U89: 3D | V89: 10 | W89: 10 | X89: 0.562 | Y89: 1 | Z89: 0.562 | AA89: 31 | AD89: 32 | AH89: 96 | AN89: 750 | AO89: 128 | AP89: 22 | AQ89: 445 | AR89: 55 | AT89: 19 | AV89: 15.68 | AW89: 1.31 | AX89: 300 | AY89: 2000 | AZ89: D2261 | BA89: NO | BB89: YES | BC89: YES | BD89: NO | BE89: NO | BF89: 3/8/12vdc | BG89: 3/4/14.4vdc | BH89: 14 to 131 | BI89: 11 | BJ89: 1 | BK89: 2 | BL89: 12 | BM89: 4 | BN89: 14 | BO89: 11 | BP89: 11 | BQ89: 2 | BR89: 12 | BS89: 4 | BT89: 14 | BX89: 10_201 | BY89: 112058 | CJ89: FALSE | CT89: 113580 | CV89: DEF.MFL.XYZ.10 | CW89: =TRIM(CV89) -> DEF.MFL.XYZ.10
A90: 113240 | B90: 10 | C90: 10" MFL+DEF NH3 | D90: Legacy | E90: DEF,MFL | G90: 10" MFL+DEF (NH3) | H90: DEF.MFL.10 | I90: 10 MFL | J90: =IF(ISNUMBER(SEARCH("Legacy",D90)),5, IF(OR(ISNUMBER(SEARCH("MDS",D90)),ISNUMBER(SEARCH("EMAT",D90))),7,"")) -> 5 | K90: Gen 4 | L90: 10.75 | M90: 9.1 | N90: 15.35 | P90: 9.75 | Q90: 3D | S90: 9.75 | U90: 3D | V90: 10 | W90: 10 | X90: 0.562 | Y90: 1 | Z90: 0.562 | AA90: 15 | AH90: 96 | AN90: 750 | AO90: 129 | AP90: 23 | AQ90: 384 | AR90: 55 | AT90: 63 | AV90: 13.8 | AW90: 1.15 | AX90: 300 | AY90: 2000 | AZ90: D2244 | BA90: NO | BB90: YES | BC90: YES | BD90: NO | BE90: NO | BF90: 3/8/12vdc | BG90: 3/4/14.4vdc | BH90: 14 to 131 | BI90: 11 | BJ90: 1 | BK90: 2 | BL90: 12 | BM90: 4 | BN90: 14 | BO90: 11 | BP90: 11 | BQ90: 2 | BR90: 12 | BS90: 4 | BT90: 14 | BX90: 10_201 | BY90: 112058 | CJ90: FALSE | CT90: 113240 | CV90: DEF.MFL.10 | CW90: =TRIM(CV90) -> DEF.MFL.10
A91: 10_650 | B91: 10 | C91: 10" LGT | D91: Legacy | E91: LGT | G91: 10" LGT | H91: LGT.10 | I91: =_xlfn.XLOOKUP(H91,'Alternative Tool Body Sheet'!A:A,'Alternative Tool Body Sheet'!C:C) -> 8/10 LGT | J91: =IF(ISNUMBER(SEARCH("Legacy",D91)),5, IF(OR(ISNUMBER(SEARCH("MDS",D91)),ISNUMBER(SEARCH("EMAT",D91))),7,"")) -> 5 | K91: Gen 3 | L91: 10.75 | M91: 6.5 | N91: 39.53 | P91: 9.75 | Q91: 1.5D | R91: 7.13 | U91: 3D | V91: 15 | AG91: 19 | AN91: 750 | AO91: 72 | AP91: 19 | AQ91: 77 | AR91: 25 | AT91: 92 | AV91: 3.4 | AW91: 0.28 | AX91: 300 | AY91: 2000 | AZ91: D1041 | BA91: NO | BB91: YES | BC91: YES | BD91: NO | BE91: NO | BF91: 1/15/22.5vdc | BG91: 1/5/18vdc | BH91: 14 to 131 | BI91: 6 | BJ91: 1 | BK91: 2 | BL91: 12 | BM91: 4 | BN91: 8 | BO91: 6 | BP91: 6 | BQ91: 2 | BR91: 12 | BS91: 4 | BT91: 8 | BY91: 112058 | CJ91: FALSE | CT91: 10_650 | CV91: LGT.10 | CW91: =TRIM(CV91) -> LGT.10
A92: 115144 | B92: 10 | C92: 10" MFL+XYZ (ATEX) | D92: Legacy | E92: IDOD,MFL,XYZ | G92: 10" MFL+XYZ ATEX | H92: MFL.XYZ.10 | I92: =_xlfn.XLOOKUP(H92,'Alternative Tool Body Sheet'!A:A,'Alternative Tool Body Sheet'!C:C) -> 10 MFL | J92: =IF(ISNUMBER(SEARCH("Legacy",D92)),5, IF(OR(ISNUMBER(SEARCH("MDS",D92)),ISNUMBER(SEARCH("EMAT",D92))),7,"")) -> 5 | K92: XHD | L92: 10.75 | M92: 9.1 | P92: 9.75 | Q92: 1.5D | R92: 9.75 | T92: 9.2 | U92: 3D | V92: 10 | W92: 10 | X92: 0.562 | Y92: 1 | Z92: 0.562 | AD92: 32 | AH92: 96 | AN92: 750 | AO92: 128 | AP92: 23 | AQ92: 370 | AR92: 55 | AT92: 55 | AV92: 15.47 | AW92: 1.2 | AX92: 300 | AY92: 2000 | AZ92: D3668 | BA92: NO | BB92: YES | BC92: YES | BD92: NO | BE92: NO | BF92: 3/8/12vdc | BG92: 3/4/14.4vdc | BH92: 14 to 131 | BI92: 11 | BJ92: 1 | BK92: 2 | BL92: 12 | BM92: 4 | BN92: 14 | BO92: 11 | BP92: 11 | BQ92: 2 | BR92: 12 | BS92: 4 | BT92: 14 | BX92: 10_201 | CJ92: FALSE | CT92: 115144 | CV92: MFL.XYZ.10 | CW92: =TRIM(CV92) -> MFL.XYZ.10
A93: 110864 | B93: 10 | C93: 10" MFL (ATEX) | D93: Legacy | E93: IDOD,MFL | G93: 10" MFL ATEX | H93: MFL.10 | I93: =_xlfn.XLOOKUP(H93,'Alternative Tool Body Sheet'!A:A,'Alternative Tool Body Sheet'!C:C) -> 10 MFL | J93: =IF(ISNUMBER(SEARCH("Legacy",D93)),5, IF(OR(ISNUMBER(SEARCH("MDS",D93)),ISNUMBER(SEARCH("EMAT",D93))),7,"")) -> 5 | K93: XHD | L93: 10.75 | M93: 9.1 | P93: 9.75 | Q93: 1.5D | R93: 9.75 | T93: 9.2 | U93: 3D | V93: 10 | W93: 10 | X93: 0.562 | Y93: 1 | Z93: 0.562 | AD93: 32 | AH93: 96 | AN93: 750 | AO93: 108 | AP93: 23 | AQ93: 370 | AR93: 55 | AT93: 55 | AV93: 15.47 | AW93: 1.29 | AX93: 300 | AY93: 2000 | AZ93: D3690 | BA93: NO | BB93: YES | BC93: YES | BD93: NO | BE93: NO | BF93: 3/8/12vdc | BG93: 3/4/14.4vdc | BH93: 14 to 131 | BI93: 9 | BJ93: 1 | BK93: 2 | BL93: 12 | BM93: 4 | BN93: 12 | BO93: 9 | BP93: 9 | BQ93: 2 | BR93: 12 | BS93: 4 | BT93: 12 | BX93: 10_201 | CJ93: FALSE | CT93: 110864 | CV93: MFL.10 | CW93: =TRIM(CV93) -> MFL.10
A94: 113407 | B94: 10 | C94: 10" GMFL+XYZ (xHD) | D94: Legacy | E94: GMFL,IDOD,XYZ | G94: 10" GMFL+XYZ (xHD) | H94: GMFL.XYZ.10 | I94: =_xlfn.XLOOKUP(H94,'Alternative Tool Body Sheet'!A:A,'Alternative Tool Body Sheet'!C:C) -> 10 GMFL | J94: =IF(ISNUMBER(SEARCH("Legacy",D94)),5, IF(OR(ISNUMBER(SEARCH("MDS",D94)),ISNUMBER(SEARCH("EMAT",D94))),7,"")) -> 5 | K94: XHD | L94: 10.75 | M94: 8.1 | N94: 24.65 | P94: 9.75 | Q94: 1.5D | R94: 9.25 | T94: 8.5 | U94: 0D | V94: 10 | W94: 10 | X94: 0.452 | Y94: 1 | Z94: 0.494 | AC94: 96 | AD94: 32 | AN94: 750 | AO94: 135 | AP94: 24 | AQ94: 295 | AR94: 55 | AT94: 22 | AX94: 300 | AY94: 2000 | AZ94: D3164 | BA94: NO | BB94: YES | BC94: YES | BD94: NO | BE94: NO | BF94: N/A | BG94: N/A | BH94: 14 to 131 | BI94: 12 | BJ94: 1 | BK94: 2 | BL94: 12 | BM94: 4 | BN94: 15 | BO94: 12 | BP94: 12 | BQ94: 2 | BR94: 12 | BS94: 4 | BT94: 15 | CI94: 108557 | CJ94: FALSE | CT94: 113407 | CV94: GMFL.XYZ.10 | CW94: =TRIM(CV94) -> GMFL.XYZ.10
A95: 129298 | B95: 10 | C95: 10" MDS FLEX DEF+MFL3 | D95: MDS | E95: DEF,Flex MFL,IDOD | G95: 10" MDS FLEX MFL3+DEF | H95: FLEX.DEF.MFL.10 | I95: =_xlfn.XLOOKUP(H95,'Alternative Tool Body Sheet'!A:A,'Alternative Tool Body Sheet'!C:C) -> 10 MDS | J95: =IF(ISNUMBER(SEARCH("Legacy",D95)),5, IF(OR(ISNUMBER(SEARCH("MDS",D95)),ISNUMBER(SEARCH("EMAT",D95))),7,"")) -> 7 | K95: XHD | L95: 10.75 | M95: 9.1 | Q95: 1.5D | R95: 9.6 | U95: 3D | V95: 10 | W95: 10 | X95: 0.5 | Y95: 1 | Z95: 0.5 | AA95: 48 | AB95: 96 | AD95: 48 | AN95: 750 | AO95: 83 | AQ95: 318 | AT95: 90 | AX95: 375 | AY95: 2000 | AZ95: D3625 | BA95: NO | BB95: YES | BC95: YES | BD95: YES | BE95: NO | BF95: N/A | BG95: N/A | BH95: 14 to 131 | BI95: 7 | BJ95: 1 | BK95: 2 | BL95: 12 | BM95: 4 | BN95: 9 | BO95: 7 | BP95: 7 | BQ95: 2 | BR95: 12 | BS95: 4 | BT95: 9 | BX95: 108081 | BY95: 110257 | CJ95: FALSE | CT95: 129298 | CV95: FLEX.DEF.MFL.10 | CW95: =TRIM(CV95) -> FLEX.DEF.MFL.10
A96: 110548 | B96: 10 | C96: 10" DEF+XYZ (xHD) | D96: Legacy | E96: DEF,XYZ | G96: 10" DEF+XYZ (xHD) | H96: DEF.XYZ.10 | I96: =_xlfn.XLOOKUP(H96,'Alternative Tool Body Sheet'!A:A,'Alternative Tool Body Sheet'!C:C) -> 10 DEF | J96: =IF(ISNUMBER(SEARCH("Legacy",D96)),5, IF(OR(ISNUMBER(SEARCH("MDS",D96)),ISNUMBER(SEARCH("EMAT",D96))),7,"")) -> 5 | K96: XHD | L96: 10.75 | M96: 8.1 | N96: 24.65 | P96: 9.75 | Q96: 1.5D | R96: 9.25 | T96: 8.1 | U96: 3D | V96: 15 | AA96: 31 | AN96: 750 | AO96: 89 | AP96: 24 | AQ96: 192 | AR96: 55 | AT96: 17 | AV96: 15.84 | AW96: 1.32 | AX96: 300 | AY96: 2000 | AZ96: D1276 | BA96: NO | BB96: NO | BC96: NO | BD96: NO | BE96: NO | BF96: N/A | BG96: 3/4/14.4vdc | BH96: 14 to 131 | BI96: 8 | BJ96: 1 | BK96: 2 | BL96: 12 | BM96: 4 | BN96: 10 | BO96: 8 | BP96: 8 | BQ96: 2 | BR96: 12 | BS96: 4 | BT96: 10 | BY96: 112058 | CJ96: FALSE | CT96: 110548 | CV96: DEF.XYZ.10 | CW96: =TRIM(CV96) -> DEF.XYZ.10
A97: 108577 | B97: 10 | C97: 10" MFL+DEF (8" Batt, xHD) | D97: Legacy | E97: DEF,IDOD,MFL | G97: 10" MFL+DEF (8" Batt, xHD) | H97: DEF.MFL.10 | I97: 10 MFL | J97: =IF(ISNUMBER(SEARCH("Legacy",D97)),5, IF(OR(ISNUMBER(SEARCH("MDS",D97)),ISNUMBER(SEARCH("EMAT",D97))),7,"")) -> 5 | K97: XHD | L97: 10.75 | M97: 9.1 | N97: 15.35 | P97: 9.75 | Q97: 1.5D | R97: 9.75 | S97: 9.75 | T97: 9.2 | U97: 3D | V97: 10 | W97: 10 | X97: 0.562 | Y97: 1 | Z97: 0.562 | AA97: 31 | AD97: 32 | AH97: 96 | AN97: 750 | AO97: 106 | AP97: 23 | AQ97: 371 | AR97: 55 | AT97: 50 | AX97: 300 | AY97: 2000 | AZ97: D2247 | BA97: NO | BB97: YES | BC97: YES | BD97: NO | BE97: NO | BF97: 3/8/12vdc | BG97: 3/4/14.4vdc | BH97: 14 to 131 | BI97: 9 | BJ97: 1 | BK97: 2 | BL97: 12 | BM97: 4 | BN97: 12 | BO97: 9 | BP97: 9 | BQ97: 2 | BR97: 12 | BS97: 4 | BT97: 12 | BX97: 10_201 | BY97: 112058 | CJ97: FALSE | CT97: 108577 | CV97: DEF.MFL.10 | CW97: =TRIM(CV97) -> DEF.MFL.10
A98: 129299 | B98: 10 | C98: 10" MDS FLEX DEF+MFL3+XYZ | D98: MDS | E98: DEF,Flex MFL,IDOD,XYZ | G98: 10" MDS FLEX MFL3+DEF+XYZ | H98: FLEX.DEF.MFL.XYZ.10 | I98: =_xlfn.XLOOKUP(H98,'Alternative Tool Body Sheet'!A:A,'Alternative Tool Body Sheet'!C:C) -> 10 MDS | J98: =IF(ISNUMBER(SEARCH("Legacy",D98)),5, IF(OR(ISNUMBER(SEARCH("MDS",D98)),ISNUMBER(SEARCH("EMAT",D98))),7,"")) -> 7 | K98: XHD | L98: 10.75 | M98: 9.1 | Q98: 1.5D | R98: 9.6 | U98: 3D | V98: 10 | W98: 10 | X98: 0.5 | Y98: 1 | Z98: 0.5 | AA98: 48 | AB98: 96 | AD98: 48 | AN98: 750 | AO98: 126 | AQ98: 437 | AT98: 21 | AX98: 375 | AY98: 2000 | AZ98: D3624 | BA98: NO | BB98: NO | BC98: YES | BD98: NO | BE98: YES | BF98: 0/0/0vdc | BG98: 0/0/0vdc | BH98: 14 to 131 | BI98: 11 | BJ98: 2 | BK98: 2 | BL98: 16 | BM98: 4 | BN98: 14 | BO98: 11 | BP98: 10 | BQ98: 2 | BR98: 16 | BS98: 4 | BT98: 14 | BX98: 108081 | BY98: 110257 | CJ98: FALSE | CT98: 129299 | CV98: FLEX.DEF.MFL.XYZ.10 | CW98: =TRIM(CV98) -> FLEX.DEF.MFL.XYZ.10
A99: 130610 | B99: 10 | C99: 10" MDS FLEX DEF2+MFL4+RES+XYZ | D99: MDS | E99: DEF,IDOD,MFL,RES,XYZ | G99: 10" MDS FLEX DEF+RES+ULTRA RES MFL+XYZ | H99: DEF.RES.UMFL.XYZ.10 | I99: =_xlfn.XLOOKUP(H99,'Alternative Tool Body Sheet'!A:A,'Alternative Tool Body Sheet'!C:C) -> 10 MDS | J99: =IF(ISNUMBER(SEARCH("Legacy",D99)),5, IF(OR(ISNUMBER(SEARCH("MDS",D99)),ISNUMBER(SEARCH("EMAT",D99))),7,"")) -> 7 | K99: XHD | L99: 10.75 | M99: 9.1 | Q99: 1.5D | R99: 9.6 | U99: 3D | V99: 10 | W99: 10 | X99: 0.5 | Y99: 1 | Z99: 0.5 | AA99: 48 | AD99: 48 | AH99: 192 | AI99: 96 | AN99: 750 | AO99: 126 | AP99: 21 | AQ99: 450 | AR99: 54 | AT99: 32 | AV99: 7.5 | AW99: 0.39 | AX99: 375 | AY99: 2000 | AZ99: D3726 | BA99: NO | BB99: NO | BC99: NO | BD99: NO | BE99: NO | BF99: N/A | BG99: 1/4/14.4vdc | BH99: 14 to 131 | BI99: 11 | BJ99: 1 | BK99: 2 | BL99: 12 | BM99: 4 | BN99: 14 | BO99: 11 | BP99: 11 | BQ99: 2 | BR99: 12 | BS99: 4 | BT99: 14 | BX99: 130285 | BY99: 110257 | CJ99: FALSE | CT99: 130610 | CV99: DEF.RES.UMFL.XYZ.10 | CW99: =TRIM(CV99) -> DEF.RES.UMFL.XYZ.10
A100: 122986 | B100: 10 | C100: 10 in. DEF+XYZ NH3 | D100: Legacy | E100: DEF,XYZ | G100: 10" DEF+XYZ NH3 | H100: DEF.XYZ.10 | I100: =_xlfn.XLOOKUP(H100,'Alternative Tool Body Sheet'!A:A,'Alternative Tool Body Sheet'!C:C) -> 10 DEF | J100: =IF(ISNUMBER(SEARCH("Legacy",D100)),5, IF(OR(ISNUMBER(SEARCH("MDS",D100)),ISNUMBER(SEARCH("EMAT",D100))),7,"")) -> 5 | K100: Gen 4 | L100: 10.75 | M100: 8.1 | N100: 24.65 | Q100: 1.5D | R100: 9.25 | U100: 3D | V100: 15 | AA100: 15 | AN100: 750 | AO100: 88 | AQ100: 183 | AS100: 44.87 | AX100: 300 | AY100: 2000 | AZ100: D2841 | BA100: NO | BB100: NO | BC100: NO | BD100: NO | BE100: NO | BF100: N/A | BG100: N/A | BH100: 14 to 131 | BI100: 8 | BJ100: 1 | BK100: 2 | BL100: 12 | BM100: 4 | BN100: 10 | BO100: 8 | BP100: 8 | BQ100: 2 | BR100: 12 | BS100: 4 | BT100: 10 | BY100: 112058 | CJ100: FALSE | CT100: 122986 | CV100: DEF.XYZ.10 | CW100: =TRIM(CV100) -> DEF.XYZ.10
...

Sheet IN FSA NOT PM SHEET
A1: Tool Config
A3: 123232 | B3: 6 | C3: 6" MFL3 | D3: Legacy | E3: IDOD,MFL | F3: Unreleased Configuration | G3: No Matching Tool Config
A4: 105191 | B4: 6 | C4: 6" MFL3 (Hybrid) | D4: Legacy | E4: IDOD,MFL | F4: Obsoleted | G4: No Matching Tool Config
A5: 124815 | B5: 6 | C5: 6" DEF+XYZ (ATEX) | D5: Legacy | E5: DEF,XYZ | F5: Unreleased Configuration | G5: No Matching Tool Config
A6: 124816 | B6: 6 | C6: 6" MFL3+XYZ (ATEX) | D6: Legacy | E6: IDOD,MFL,XYZ | F6: Unreleased Configuration | G6: No Matching Tool Config
A7: 106421-01 | B7: 30 | C7: 30" DEF+XYZ (xHD 106421-01) | D7: Legacy | E7: DEF,XYZ | F7: Obsoleted | G7: No Matching Tool Config | H7: No Matching Tool Config
A10: In FSA, NOT ON PM Sheet
A11: 113411 | B11: 6 | D11: Legacy | G11: =_xlfn.XLOOKUP(A11,'Just Methods'!T:T,'Just Methods'!S:S) -> 6" MFL2 | H11: =_xlfn.XLOOKUP(A11,'Just Methods'!T:T,'Just Methods'!C:C) -> MFL.06
A12: 116459 | B12: 6 | D12: Legacy | G12: =_xlfn.XLOOKUP(A12,'Just Methods'!T:T,'Just Methods'!S:S) -> 6" MFL3 ATEX | H12: =_xlfn.XLOOKUP(A12,'Just Methods'!T:T,'Just Methods'!C:C) -> MFL.06
A13: 116738 | B13: 6 | D13: Legacy | G13: =_xlfn.XLOOKUP(A13,'Just Methods'!T:T,'Just Methods'!S:S) -> 6" DEF ATEX | H13: =_xlfn.XLOOKUP(A13,'Just Methods'!T:T,'Just Methods'!C:C) -> DEF.06
A14: 129654 | B14: 6 | D14: Legacy | G14: =_xlfn.XLOOKUP(A14,'Just Methods'!T:T,'Just Methods'!S:S) -> 6" MFL+XYZ | H14: =_xlfn.XLOOKUP(A14,'Just Methods'!T:T,'Just Methods'!C:C) -> MFL.XYZ.06
A15: 129658 | B15: 6 | D15: Legacy | G15: =_xlfn.XLOOKUP(A15,'Just Methods'!T:T,'Just Methods'!S:S) -> 6" MFL (xHD) | H15: =_xlfn.XLOOKUP(A15,'Just Methods'!T:T,'Just Methods'!C:C) -> MFL.06
A16: 108323 | B16: 8 | D16: Legacy | G16: =_xlfn.XLOOKUP(A16,'Just Methods'!T:T,'Just Methods'!S:S) -> 8" DEF3 (Short) | H16: =_xlfn.XLOOKUP(A16,'Just Methods'!T:T,'Just Methods'!C:C) -> DEF.08
A17: 108472 | B17: 8 | D17: Legacy | G17: =_xlfn.XLOOKUP(A17,'Just Methods'!T:T,'Just Methods'!S:S) -> 8" GMFL (Short)- EH | H17: =_xlfn.XLOOKUP(A17,'Just Methods'!T:T,'Just Methods'!C:C) -> GMFL.08
A18: 110300 | B18: 8 | D18: Legacy | G18: =_xlfn.XLOOKUP(A18,'Just Methods'!T:T,'Just Methods'!S:S) -> 8" MFL BI-DI xHD | H18: =_xlfn.XLOOKUP(A18,'Just Methods'!T:T,'Just Methods'!C:C) -> MFL.08
A19: 124907 | B19: 8 | D19: MDS | G19: =_xlfn.XLOOKUP(A19,'Just Methods'!T:T,'Just Methods'!S:S) -> 8" Dual Drive SpirALL MFL+DEF+MFL4+RES | H19: =_xlfn.XLOOKUP(A19,'Just Methods'!T:T,'Just Methods'!C:C) -> DEF.MFL.RES.SMFL.08
A20: 108571 | B20: 10 | D20: Legacy | G20: =_xlfn.XLOOKUP(A20,'Just Methods'!T:T,'Just Methods'!S:S) -> 10" DEF (8" Batt) xHD | H20: =_xlfn.XLOOKUP(A20,'Just Methods'!T:T,'Just Methods'!C:C) -> DEF.10
A21: 115008 | B21: 10 | D21: Legacy | G21: =_xlfn.XLOOKUP(A21,'Just Methods'!T:T,'Just Methods'!S:S) -> 10" DEF+XYZ ATEX | H21: =_xlfn.XLOOKUP(A21,'Just Methods'!T:T,'Just Methods'!C:C) -> DEF.XYZ.10
A22: 117308 | B22: 10 | D22: Legacy | G22: =_xlfn.XLOOKUP(A22,'Just Methods'!T:T,'Just Methods'!S:S) -> 10" MFL+IDOD+DEF (NH3) | H22: =_xlfn.XLOOKUP(A22,'Just Methods'!T:T,'Just Methods'!C:C) -> DEF.MFL.10
... A47: 123170 | B47: 48 | D47: Legacy | G47: =_xlfn.XLOOKUP(A47,'Just Methods'!T:T,'Just Methods'!S:S) -> 48" GMFL+DEF | H47: =_xlfn.XLOOKUP(A47,'Just Methods'!T:T,'Just Methods'!C:C) -> DEF.GMFL.48
A50: 131428 | B50: 14 | C50: 14" MDS FLEX DEF+LFM+MFL3+XYZ | D50: MDS | E50: DEF,IDOD,LFM,MFL,XYZ | G50: No Matching Tool Config | I50: 0 | J50: 7 | K50: XHD | L50: 14 | M50: 11 | N50: 13.73 | P50: 11.25 | Q50: 1.5D | R50: 11.62 | U50: 3D | V50: 10 | W50: 10 | X50: 0.6 | Y50: 1 | Z50: 0.67 | AA50: 48 | AD50: 48 | AF50: 144 | AH50: 288 | AN50: 750 | AO50: 100 | AQ50: 563 | AT50: 21 | AV50: 25.52 | AW50: 2.13 | AX50: 375 | AY50: 2000 | AZ50: D3825 | BA50: NO | BB50: NO | BC50: YES | BD50: NO | BE50: YES | BF50: N/A | BG50: 0/0/21.6vdc | BH50: 14 to 131 | BI50: 9 | BJ50: 2 | BK50: 2 | BL50: 16 | BM50: 4 | BN50: 12 | BO50: 9 | BP50: 9 | BQ50: 2 | BR50: 16 | BS50: 4 | BT50: 12 | CJ50: FALSE | CT50: 131428
A51: 131429 | B51: 14 | C51: 14" MDS FLEX DEF+LFM+MFL3 | D51: MDS | E51: DEF,IDOD,LFM,MFL | G51: No Matching Tool Config | I51: 0 | J51: 7 | K51: XHD | L51: 14 | M51: 11 | N51: 13.73 | P51: 11.25 | Q51: 1.5D | R51: 11.62 | U51: 3D | V51: 10 | W51: 10 | X51: 0.6 | Y51: 1 | Z51: 0.67 | AA51: 48 | AD51: 48 | AF51: 144 | AH51: 288 | AN51: 750 | AO51: 100 | AQ51: 554 | AT51: 51 | AV51: 25.52 | AW51: 2.13 | AX51: 375 | AY51: 2000 | AZ51: D3826 | BA51: NO | BB51: NO | BC51: NO | BD51: NO | BE51: NO | BF51: N/A | BG51: 0/6/21.6vdc | BH51: 14 to 131 | BI51: 9 | BJ51: 2 | BK51: 2 | BL51: 16 | BM51: 4 | BN51: 12 | BO51: 9 | BP51: 9 | BQ51: 2 | BR51: 16 | BS51: 4 | BT51: 12 | CJ51: FALSE | CT51: 131429
A52: 131430 | B52: 14 | C52: 14" MDS FLEX DEF+MFL3+XYZ | D52: MDS | E52: DEF,IDOD,MFL,XYZ | G52: No Matching Tool Config | I52: 0 | J52: 7 | K52: XHD | L52: 14 | M52: 11 | N52: 13.73 | P52: 11.25 | Q52: 1.5D | R52: 11.62 | U52: 3D | V52: 10 | W52: 10 | X52: 0.6 | Y52: 1 | Z52: 0.67 | AA52: 48 | AD52: 48 | AH52: 288 | AN52: 750 | AO52: 100 | AQ52: 489 | AT52: 22 | AV52: 25.52 | AW52: 2.13 | AX52: 375 | AY52: 2000 | AZ52: D3827 | BA52: NO | BB52: NO | BC52: YES | BD52: NO | BE52: YES | BF52: N/A | BG52: 0/6/21.6vdc | BH52: 14 to 131 | BI52: 9 | BJ52: 2 | BK52: 2 | BL52: 16 | BM52: 4 | BN52: 12 | BO52: 9 | BP52: 9 | BQ52: 2 | BR52: 16 | BS52: 4 | BT52: 12 | CJ52: FALSE | CT52: 131430
A53: 109000 | B53: 16 | C53: 16" MFL2+DEF2+SMFL2+XYZ+LFM | D53: MDS | E53: DEF,IDOD,LFM,MFL,SpirALL® MFL,XYZ | G53: No Matching Tool Config | I53: 0 | J53: 7 | K53: XHD | L53: 16 | M53: 13.6 | N53: 15 | P53: 15 | Q53: 1.5D | R53: 14.5 | U53: 3D | V53: 10 | W53: 10 | X53: 0.625 | Y53: 1 | Z53: 0.625 | AA53: 60 | AD53: 60 | AF53: 180 | AH53: 180 | AJ53: 396 | AN53: 750 | AO53: 144 | AQ53: 1383 | AT53: 15 | AV53: 27.52 | AW53: 2.29 | AX53: 375 | AY53: 2000 | AZ53: D2043 | BA53: NO | BB53: NO | BC53: NO | BD53: NO | BE53: NO | BF53: N/A | BG53: 3/6/21.6vdc | BH53: 14 to 131 | BI53: 12 | BJ53: 2 | BK53: 2 | BL53: 18 | BM53: 4 | BN53: 15 | BO53: 12 | BP53: 12 | BQ53: 2 | BR53: 18 | BS53: 4 | BT53: 15 | BY53: 109845 | CJ53: FALSE | CT53: 109000
A54: 131431 | B54: 14 | C54: 14" MDS FLEX DEF+MFL3 | D54: MDS | E54: DEF,IDOD,MFL | G54: No Matching Tool Config | I54: 0 | J54: 7 | K54: XHD | L54: 14 | M54: 11 | N54: 13.73 | P54: 11.25 | Q54: 1.5D | R54: 11.62 | U54: 3D | V54: 10 | W54: 10 | X54: 0.6 | Y54: 1 | Z54: 0.67 | AA54: 48 | AD54: 48 | AH54: 288 | AN54: 750 | AO54: 100 | AQ54: 480 | AT54: 64 | AV54: 25.52 | AW54: 2.13 | AX54: 375 | AY54: 2000 | AZ54: D3828 | BA54: NO | BB54: NO | BC54: YES | BD54: NO | BE54: YES | BF54: N/A | BG54: 0/6/21.6vdc | BH54: 14 to 131 | BI54: 9 | BJ54: 2 | BK54: 2 | BL54: 16 | BM54: 4 | BN54: 12 | BO54: 9 | BP54: 9 | BQ54: 2 | BR54: 16 | BS54: 4 | BT54: 12 | CJ54: FALSE | CT54: 131431

Sheet Tool Body Components
A1: Size | B1: Tool Componet | C1: Model Number | D1: Technogolgy | E1: Other Name | F1: Notes | G1: Dual Size
A2: 4 | B2: DEF | C2: 04_610 | D2: Legacy | E2: DAA
A3: 4 | B3: MFL | C3: 04_200 | D3: Legacy | E3: AMAG
A4: 4 | B4: MFL | C4: 118211 | D4: MDS | E4: AMAG
A5: 4 | B5: DEF | C5: 116490 | D5: MDS | E5: DAA
A6: 6 | B6: DEF | C6: 06_6001 | D6: Legacy | E6: DAA
A7: 6 | B7: MFL | C7: 06_201 | D7: Legacy | E7: AMAG | F7: MLF5
A8: 6 | B8: LGT | C8: 105683 | D8: Legacy | E8: DAA | F8: DEF
A9: 6 | B9: MFL | C9: 112174 | D9: MDS | E9: AMAG
A10: 6 | B10: SMFL | C10: 113045 | D10: MDS | E10: SMAG
A11: 6 | B11: DEF | C11: 112707 | D11: MDS | E11: DAA
A12: 6 | B12: MFL | C12: 06_201 | D12: Legacy | E12: AMAG | F12: NH3
A13: 6 | B13: DEF | C13: 102784 | D13: Legacy | E13: DAA | F13: NH3
A14: 8 | B14: DEF | C14: 108564 | D14: Legacy | E14: DAA
A15: 8 | B15: GMFL | C15: 109401 | D15: Legacy | E15: GMAG
A16: 8 | B16: MFL | C16: 08_215 | D16: Legacy | E16: AMAG
A17: 8 | B17: MFL | C17: 114560 | D17: MDS | E17: AMAG | F17: V1
A18: 8 | B18: MFL | C18: 130501 | D18: MDS | E18: AMAG | F18: V1, UR
A19: 8 | B19: SMFL | C19: 122013 | D19: MDS | E19: SMAG | F19: V1
A20: 8 | B20: DEF | C20: 110255 | D20: MDS | E20: DAA | F20: V1
A21: 8 | B21: MFL | C21: 121003 | D21: MDS | E21: AMAG | F21: V2
A22: 8 | B22: DEF | C22: 120927 | D22: MDS | E22: DAA | F22: V2
A23: 8 | B23: SMFL | C23: 121111 | D23: MDS | E23: SMAG | F23: V2
A24: 8 | B24: MFL | C24: 130501 | D24: MDS | E24: MFL | F24: V2, UR | H24: UR
A25: 8/10 | B25: LGT | C25: 112179 | D25: Legacy | E25: DAA | F25: LGT | G25: 8, 10
A26: 8 | B26: DEF | C26: 107269 | D26: Legacy | E26: DAA | F26: NH3
A27: 8 | B27: MFL | C27: 08_215 | D27: Legacy | E27: AMAG | F27: NH3
A28: 10 | B28: DEF | C28: 112058 | D28: Legacy | E28: DAA
A29: 10 | B29: MFL | C29: 10_201 | D29: Legacy | E29: AMAG
A30: 10 | B30: GMFL | C30: 108557 | D30: Legacy | E30: GMAG
A31: 10 | B31: GDEF | C31: 113727 | D31: Legacy | E31: GDAA
A32: 10 | B32: MFL | C32: 108081 | D32: MDS | E32: AMAG
A33: 10 | B33: MFL | C33: 130285 | D33: MDS | E33: AMAG | F33: UR
A34: 10 | B34: DEF | C34: 110257 | D34: MDS | E34: DAA
A35: 10 | B35: SMFL | C35: 123689 | D35: MDS | E35: SMAG
A36: 10 | B36: MFL | C36: 10_201 | D36: Legacy | E36: AMAG | F36: NH3
A37: 10 | B37: DEF | C37: 112058 | D37: Legacy | E37: DAA | F37: NH3
A38: 10 | B38: EMAT | C38: 111201 | D38: EMAT | E38: EMAG
A39: 12 | B39: DEF | C39: 112106 | D39: Legacy | E39: DAA
A40: 12 | B40: MFL | C40: 12_201 | D40: Legacy | E40: AMAG
A41: 12 | B41: GMFL | C41: 109088 | D41: Legacy | E41: GMAG
A42: 12 | B42: GDEF | C42: 114368 | D42: Legacy | E42: DAA
A43: 12 | B43: MFL | C43: 129645 | D43: MDS | E43: AMAG | F43: UR
A44: 12 | B44: MFL | C44: 113097 | D44: MDS | E44: AMAG
A45: 12 | B45: SMFL | C45: 120459 | D45: MDS | E45: SMAG
A46: 12 | B46: DEF | C46: 116405 | D46: MDS | E46: DAA
A47: 12 | B47: EMAT | C47: 121994 | D47: EMAT | E47: EMAG
A48: 14 | B48: GMFL | C48: 108764 | D48: Legacy | E48: GMAG
A49: 16 | B49: DEF | C49: 109067 | D49: Legacy | E49: DAA | G49: 18
A50: 16 | B50: GDEF | C50: 109176 | D50: Legacy | E50: DAA
A51: 16 | B51: GMFL | C51: 109250 | D51: Legacy | E51: GMAG
A52: 16 | B52: MFL | C52: 16_202 | D52: Legacy | E52: AMAG | G52: 18
A53: 16 | B53: MFL | C53: 108959 | D53: MDS | E53: AMAG
A54: 16 | B54: MFL | C54: 129898 | D54: MDS | E54: AMAG | F54: UR
A55: 16 | B55: DEF | C55: 109845 | D55: MDS | E55: DAA
A56: 16 | B56: SMFL | C56: 120589 | D56: MDS | E56: SMAG
A57: 16 | B57: EMAT | C57: 123590 | D57: EMAT | E57: EMAG
A58: 18 | B58: GMFL | C58: 112078 | D58: Legacy | E58: GMAG
A59: 18 | B59: GDEF | C59: 112548 | D59: Legacy | E59: DAA
A60: 20 | B60: DEF | C60: 109322 | D60: Legacy | E60: DAA
A61: 20 | B61: MFL | C61: 105850 | D61: Legacy | E61: AMAG
A62: 20 | B62: GMFL | C62: 109101 | D62: Legacy | E62: GMAG
A63: 20 | B63: MFL | C63: 111283 | D63: MDS | E63: AMAG | H63: Converts to 22" Only in Tulsa
A64: 20 | B64: DEF | C64: 112950 | D64: MDS | E64: DAA
A65: 20 | B65: SMFL | C65: 120123 | D65: MDS | E65: SMAG
A66: 24 | B66: DEF | C66: 102397 | D66: Legacy | E66: DAA | F66: Possible wrong, used the DRV as model number
A67: 24 | B67: GMFL | C67: 109096-01 | D67: Legacy | E67: GMAG
A68: 24 | B68: MFL | C68: 110710 | D68: MDS | E68: AMAG
A69: 24 | B69: DEF | C69: 110468-01 | D69: MDS | E69: DAA | F69: label DRV/DEF
A70: 24 | B70: SMFL | C70: 118879 | D70: MDS | E70: SMAG
A71: 26 | B71: DEF | C71: 110887 | D71: Legacy | E71: DAA | G71: 26, 30
A72: 26 | B72: GMFL | C72: 109363-01 | D72: Legacy | E72: GMAG
A73: 26 | B73: MFL | C73: 110710 | D73: MDS | E73: AMAG
A74: 26 | B74: DEF | C74: 116188 | D74: MDS | E74: DAA
A75: 26 | B75: SMFL | C75: 118879 | D75: MDS | E75: SMAG
A76: 30 | B76: GMFL | C76: 109360 | D76: Legacy | E76: GMAG
A77: 30 | B77: MFL | C77: 115091 | D77: MDS | E77: AMAG | G77: 31
A78: 30 | B78: DEF | C78: 111574 | D78: MDS | E78: DAA | G78: 31
A79: 30 | B79: SMFL | C79: 120020 | D79: MDS | E79: SMAG | G79: 31
A80: 36 | B80: DEF | C80: 112569 | D80: Legacy | E80: DAA | G80: 32, 34, 36
A81: 36 | B81: GMFL | C81: 110532 | D81: Legacy | E81: GMAG | G81: 32, 34, 36
A82: 36 | B82: GMFL | C82: 107272-02 | D82: Legacy | E82: GMAG | I82: 2 model numbers, same tool body?
A83: 42 | B83: GMFL | C83: 106030-02 | D83: Legacy | E83: GMAG
A84: 42 | B84: DEF | C84: 105988 | D84: Legacy | E84: DAA
A85: 48 | B85: DEF | C85: 107460 | D85: Legacy | E85: DAA | G85: 36, 48

Sheet Just Methods
A1: Type | B1: Name | C1: Alias | D1: Company Structure | E1: Modified On | F1: Event And Detail | G1: Quantity | H1: Resource Event Type | I1: Resource ID | J1: Service Object | K1: Status | L1: Template | M1: Tool Config | N1: Long Name | O1: Mapping | P1: Size | S1: Long Name | T1: Tool Config
A2: Method | B2: 115190, 4" MFL (NH3) | C2: MFL.04 | D2: TD Williamson, Inc | E2: 4/17/2023 1:37:42 PM | F2: Available | G2: 1 | H2: Available | I2: 94388 | J2: No | K2: Available | L2: Yes | M2: =_xlfn.TEXTBEFORE(B2, ",") -> 115190 | N2: =_xlfn.TEXTAFTER(B2, ",") -> 4" MFL (NH3) | O2: =ISNUMBER(SEARCH("xyz", B2)) -> FALSE | S2: 4" MFL (NH3) | T2: 115190
A3: Method | B3: 04_001, 4" MFL | C3: MFL.04 | D3: TD Williamson, Inc | E3: 4/17/2023 1:42:37 PM | F3: Available | G3: 1 | H3: Available | I3: 94407 | J3: No | K3: Available | L3: Yes | M3: =_xlfn.TEXTBEFORE(B3, ",") -> 04_001 | N3: =_xlfn.TEXTAFTER(B3, ",") -> 4" MFL | O3: =ISNUMBER(SEARCH("xyz", B3)) -> FALSE | S3: 4" MFL | T3: 04_001
A4: Method | B4: 04_600, 4" DEF | C4: DEF.04 | D4: TD Williamson, Inc | E4: 4/17/2023 1:43:34 PM | F4: Available | G4: 1 | H4: Available | I4: 94408 | J4: No | K4: Available | L4: Yes | M4: =_xlfn.TEXTBEFORE(B4, ",") -> 04_600 | N4: =_xlfn.TEXTAFTER(B4, ",") -> 4" DEF | O4: =ISNUMBER(SEARCH("xyz", B4)) -> FALSE | S4: 4" DEF | T4: 04_600
A5: Method | B5: 115675, 4" DEF (NH3) | C5: DEF.04 | D5: TD Williamson, Inc | E5: 6/7/2017 5:09:02 PM | F5: Available | G5: 1 | H5: Available | I5: 94807 | J5: No | K5: Available | L5: Yes | M5: =_xlfn.TEXTBEFORE(B5, ",") -> 115675 | N5: =_xlfn.TEXTAFTER(B5, ",") -> 4" DEF (NH3) | O5: =ISNUMBER(SEARCH("xyz", B5)) -> FALSE | S5: 4" DEF (NH3) | T5: 115675
A6: Method | B6: 121771, 4" DEF2 + IDOD | C6: DEF.04 | D6: TD Williamson, Inc | E6: 4/17/2023 1:39:55 PM | F6: Available | G6: 1 | H6: Available | I6: 97556 | J6: No | K6: Available | L6: Yes | M6: =_xlfn.TEXTBEFORE(B6, ",") -> 121771 | N6: =_xlfn.TEXTAFTER(B6, ",") -> 4" DEF2 + IDOD | O6: =ISNUMBER(SEARCH("xyz", B6)) -> FALSE | S6: 4" DEF2 + IDOD | T6: 121771
A7: Method | B7: 121770, 4" MDS FLEX MFL2+DEF2+IDOD | C7: FLEX.DEF.MFL.04 | D7: TD Williamson, Inc | E7: 4/17/2023 1:40:10 PM | F7: Available | G7: 1 | H7: Available | I7: 97557 | J7: No | K7: Available | L7: Yes | M7: =_xlfn.TEXTBEFORE(B7, ",") -> 121770 | N7: =_xlfn.TEXTAFTER(B7, ",") -> 4" MDS FLEX MFL2+DEF2+IDOD | O7: =ISNUMBER(SEARCH("xyz", B7)) -> FALSE | S7: 4" MDS FLEX MFL2+DEF2+IDOD | T7: 121770
A8: Method | B8: 102783, 6" DEF (NH3) | C8: DEF.06 | D8: TD Williamson, Inc | E8: 6/14/2017 9:36:19 AM | F8: Available | G8: 1 | H8: Available | I8: 94039 | J8: No | K8: Available | L8: Yes | M8: =_xlfn.TEXTBEFORE(B8, ",") -> 102783 | N8: =_xlfn.TEXTAFTER(B8, ",") -> 6" DEF (NH3) | O8: =ISNUMBER(SEARCH("xyz", B8)) -> FALSE | S8: 6" DEF (NH3) | T8: 102783
A9: Method | B9: 106496, 6" MFL3 (Hybrid)+XYZ | C9: MFL.XYZ.06 | D9: TD Williamson, Inc | E9: 4/17/2023 1:48:51 PM | F9: Available | G9: 1 | H9: Available | I9: 94109 | J9: No | K9: Available | L9: Yes | M9: =_xlfn.TEXTBEFORE(B9, ",") -> 106496 | N9: =_xlfn.TEXTAFTER(B9, ",") -> 6" MFL3 (Hybrid)+XYZ | O9: =ISNUMBER(SEARCH("xyz", B9)) -> TRUE | S9: 6" MFL3 (Hybrid)+XYZ | T9: 106496
A10: Method | B10: 112200-02-01-01-01, 6" MFL4+DEF2+SpirALL® MFL Dual Drive | C10: DEF.MFL.SMFL.06 | D10: TD Williamson, Inc | E10: 4/24/2023 3:55:36 PM | F10: Available | G10: 1 | H10: Available | I10: 94306 | J10: No | K10: Available | L10: Yes | M10: =_xlfn.TEXTBEFORE(B10, ",") -> 112200-02-01-01-01 | N10: =_xlfn.TEXTAFTER(B10, ",") -> 6" MFL4+DEF2+SpirALL® MFL Dual Drive | O10: =ISNUMBER(SEARCH("xyz", B10)) -> FALSE | S10: 6" MFL4+DEF2+SpirALL® MFL Dual Drive | T10: 112200-02-01-01-01
A11: Method | B11: 113403, 6" MFL+DEF (NH3) | C11: DEF.MFL.06 | D11: TD Williamson, Inc | E11: 4/17/2023 1:49:16 PM | F11: Available | G11: 1 | H11: Available | I11: 94315 | J11: No | K11: Available | L11: Yes | M11: =_xlfn.TEXTBEFORE(B11, ",") -> 113403 | N11: =_xlfn.TEXTAFTER(B11, ",") -> 6" MFL+DEF (NH3) | O11: =ISNUMBER(SEARCH("xyz", B11)) -> FALSE | S11: 6" MFL+DEF (NH3) | T11: 113403
A12: Method | B12: 113411, 6" MFL2 | C12: MFL.06 | D12: TD Williamson, Inc | E12: 4/24/2023 3:43:40 PM | F12: Available | G12: 1 | H12: Available | I12: 94317 | J12: No | K12: Available | L12: Yes | M12: =_xlfn.TEXTBEFORE(B12, ",") -> 113411 | N12: =_xlfn.TEXTAFTER(B12, ",") -> 6" MFL2 | O12: =ISNUMBER(SEARCH("xyz", B12)) -> FALSE | S12: 6" MFL2 | T12: 113411
A13: Method | B13: 116459, 6" MFL3 ATEX | C13: MFL.06 | D13: TD Williamson, Inc | E13: 4/24/2023 3:45:22 PM | F13: Available | G13: 1 | H13: Available | I13: 94393 | J13: No | K13: Available | L13: Yes | M13: =_xlfn.TEXTBEFORE(B13, ",") -> 116459 | N13: =_xlfn.TEXTAFTER(B13, ",") -> 6" MFL3 ATEX | O13: =ISNUMBER(SEARCH("xyz", B13)) -> FALSE | S13: 6" MFL3 ATEX | T13: 116459
A14: Method | B14: 116738, 6" DEF ATEX | C14: DEF.06 | D14: TD Williamson, Inc | E14: 4/24/2023 3:37:16 PM | F14: Available | G14: 1 | H14: Available | I14: 94396 | J14: No | K14: Available | L14: Yes | M14: =_xlfn.TEXTBEFORE(B14, ",") -> 116738 | N14: =_xlfn.TEXTAFTER(B14, ",") -> 6" DEF ATEX | O14: =ISNUMBER(SEARCH("xyz", B14)) -> FALSE | S14: 6" DEF ATEX | T14: 116738
A15: Method | B15: 116837, 6" MFL (xHD) | C15: MFL.06 | D15: TD Williamson, Inc | E15: 1/10/2024 11:41:11 AM | F15: Available | G15: 1 | H15: Available | I15: 94398 | J15: No | K15: Available | L15: Yes | M15: =_xlfn.TEXTBEFORE(B15, ",") -> 116837 | N15: =_xlfn.TEXTAFTER(B15, ",") -> 6" MFL (xHD) | O15: =ISNUMBER(SEARCH("xyz", B15)) -> FALSE | S15: 6" MFL (xHD) | T15: 116837
A16: Method | B16: 06_002, 6" MFL (NH3) | C16: MFL.06 | D16: TD Williamson, Inc | E16: 4/17/2023 1:59:17 PM | F16: Available | G16: 1 | H16: Available | I16: 94409 | J16: No | K16: Available | L16: Yes | M16: =_xlfn.TEXTBEFORE(B16, ",") -> 06_002 | N16: =_xlfn.TEXTAFTER(B16, ",") -> 6" MFL (NH3) | O16: =ISNUMBER(SEARCH("xyz", B16)) -> FALSE | S16: 6" MFL (NH3) | T16: 06_002
A17: Method | B17: 06_6000, 6" DEF (1.5D) | C17: DEF.06 | D17: TD Williamson, Inc | E17: 4/17/2023 2:02:52 PM | F17: Available | G17: 1 | H17: Available | I17: 94410 | J17: No | K17: Available | L17: Yes | M17: =_xlfn.TEXTBEFORE(B17, ",") -> 06_6000 | N17: =_xlfn.TEXTAFTER(B17, ",") -> 6" DEF (1.5D) | O17: =ISNUMBER(SEARCH("xyz", B17)) -> FALSE | S17: 6" DEF (1.5D) | T17: 06_6000
A18: Method | B18: 112200-01-01-02-01, 6" MFL4+Brush DEF2+SpirALL® MFL | C18: DEF.MFL.SMFL.06 | D18: TD Williamson, Inc | E18: 4/24/2023 3:56:07 PM | F18: Available | G18: 1 | H18: Available | I18: 94423 | J18: No | K18: Available | L18: Yes | M18: =_xlfn.TEXTBEFORE(B18, ",") -> 112200-01-01-02-01 | N18: =_xlfn.TEXTAFTER(B18, ",") -> 6" MFL4+Brush DEF2+SpirALL® MFL | O18: =ISNUMBER(SEARCH("xyz", B18)) -> FALSE | S18: 6" MFL4+Brush DEF2+SpirALL® MFL | T18: 112200-01-01-02-01
A19: Method | B19: 112200-01-01-01-01, 6" MFL4+DEF2+SMFL | C19: DEF.MFL.SMFL.06 | D19: TD Williamson, Inc | E19: 5/23/2025 9:19:56 AM | F19: Available | G19: 1 | H19: Available | I19: 94424 | J19: No | K19: Available | L19: Yes | M19: =_xlfn.TEXTBEFORE(B19, ",") -> 112200-01-01-01-01 | N19: =_xlfn.TEXTAFTER(B19, ",") -> 6" MFL4+DEF2+SMFL | O19: =ISNUMBER(SEARCH("xyz", B19)) -> FALSE | S19: 6" MFL4+DEF2+SMFL | T19: 112200-01-01-01-01
A20: Method | B20: 119403, 6" MFL5+XYZ | C20: MFL.XYZ.06 | D20: TD Williamson, Inc | E20: 4/17/2023 1:50:27 PM | F20: Available | G20: 1 | H20: Available | I20: 94531 | J20: No | K20: Available | L20: Yes | M20: =_xlfn.TEXTBEFORE(B20, ",") -> 119403 | N20: =_xlfn.TEXTAFTER(B20, ",") -> 6" MFL5+XYZ | O20: =ISNUMBER(SEARCH("xyz", B20)) -> TRUE | S20: 6" MFL5+XYZ | T20: 119403
A21: Method | B21: 105681, 6" LGT | C21: LGT.06 | D21: TD Williamson, Inc | E21: 4/17/2023 1:47:28 PM | F21: Available | G21: 1 | H21: Available | I21: 94810 | J21: No | K21: Available | L21: Yes | M21: =_xlfn.TEXTBEFORE(B21, ",") -> 105681 | N21: =_xlfn.TEXTAFTER(B21, ",") -> 6" LGT | O21: =ISNUMBER(SEARCH("xyz", B21)) -> FALSE | S21: 6" LGT | T21: 105681
A22: Method | B22: 103829, 6" LGT Ammonia | C22: LGT.06 | D22: TD Williamson, Inc | E22: 4/17/2023 1:45:38 PM | F22: Available | G22: 1 | H22: Available | I22: 94826 | J22: No | K22: Available | L22: Yes | M22: =_xlfn.TEXTBEFORE(B22, ",") -> 103829 | N22: =_xlfn.TEXTAFTER(B22, ",") -> 6" LGT Ammonia | O22: =ISNUMBER(SEARCH("xyz", B22)) -> FALSE | S22: 6" LGT Ammonia | T22: 103829
A23: Method | B23: 119785, 6" MFL+DEF | C23: DEF.MFL.06 | D23: TD Williamson, Inc | E23: 5/8/2023 9:16:03 AM | F23: Available | G23: 1 | H23: Available | I23: 96187 | J23: No | K23: Available | L23: Yes | M23: =_xlfn.TEXTBEFORE(B23, ",") -> 119785 | N23: =_xlfn.TEXTAFTER(B23, ",") -> 6" MFL+DEF | O23: =ISNUMBER(SEARCH("xyz", B23)) -> FALSE | S23: 6" MFL+DEF | T23: 119785
A24: Method | B24: 122434, 6" MFL5 | C24: MFL.06 | D24: TD Williamson, Inc | E24: 4/17/2023 1:53:28 PM | F24: Available | G24: 1 | H24: Available | I24: 97562 | J24: No | K24: Available | L24: Yes | M24: =_xlfn.TEXTBEFORE(B24, ",") -> 122434 | N24: =_xlfn.TEXTAFTER(B24, ",") -> 6" MFL5 | O24: =ISNUMBER(SEARCH("xyz", B24)) -> FALSE | S24: 6" MFL5 | T24: 122434
A25: Method | B25: 122975, 6" DEF+XYZ | C25: DEF.XYZ.06 | D25: TD Williamson, Inc | E25: 5/14/2024 10:58:34 AM | F25: Available | G25: 1 | H25: Available | I25: 99033 | J25: No | K25: Available | L25: Yes | M25: =_xlfn.TEXTBEFORE(B25, ",") -> 122975 | N25: =_xlfn.TEXTAFTER(B25, ",") -> 6" DEF+XYZ | O25: =ISNUMBER(SEARCH("xyz", B25)) -> TRUE | S25: 6" DEF+XYZ | T25: 122975
A26: Method | B26: 124750, 6" MFL+DEF (xHD) | C26: DEF.MFL.06 | D26: TD Williamson, Inc | E26: 4/3/2020 6:26:03 AM | F26: Available | G26: 1 | H26: Available | I26: 103640 | J26: No | K26: Available | L26: Yes | M26: =_xlfn.TEXTBEFORE(B26, ",") -> 124750 | N26: =_xlfn.TEXTAFTER(B26, ",") -> 6" MFL+DEF (xHD) | O26: =ISNUMBER(SEARCH("xyz", B26)) -> FALSE | S26: 6" MFL+DEF (xHD) | T26: 124750
A27: Method | B27: 127231, 6" MFL+DEF+XYZ (xHD) | C27: DEF.MFL.XYZ.06 | D27: TD Williamson, Inc | E27: 4/17/2023 1:58:52 PM | F27: Available | G27: 1 | H27: Available | I27: 104636 | J27: No | K27: Available | L27: Yes | M27: =_xlfn.TEXTBEFORE(B27, ",") -> 127231 | N27: =_xlfn.TEXTAFTER(B27, ",") -> 6" MFL+DEF+XYZ (xHD) | O27: =ISNUMBER(SEARCH("xyz", B27)) -> TRUE | S27: 6" MFL+DEF+XYZ (xHD) | T27: 127231
A28: Method | B28: 126981, 6" DEF (xHD) | C28: DEF.06 | D28: TD Williamson, Inc | E28: 4/17/2023 1:58:12 PM | F28: Available | G28: 1 | H28: Available | I28: 104791 | J28: No | K28: Available | L28: Yes | M28: =_xlfn.TEXTBEFORE(B28, ",") -> 126981 | N28: =_xlfn.TEXTAFTER(B28, ",") -> 6" DEF (xHD) | O28: =ISNUMBER(SEARCH("xyz", B28)) -> FALSE | S28: 6" DEF (xHD) | T28: 126981
A29: Method | B29: 112200-01-00-01-01, 6" MDS FLEX MFL4+DEF2 | C29: FLEX.DEF.MFL.06 | D29: TD Williamson, Inc | E29: 5/1/2023 2:23:56 PM | F29: Available | G29: 1 | H29: Available | I29: 106159 | J29: No | K29: Available | L29: Yes | M29: =_xlfn.TEXTBEFORE(B29, ",") -> 112200-01-00-01-01 | N29: =_xlfn.TEXTAFTER(B29, ",") -> 6" MDS FLEX MFL4+DEF2 | O29: =ISNUMBER(SEARCH("xyz", B29)) -> FALSE | S29: 6" MDS FLEX MFL4+DEF2 | T29: 112200-01-00-01-01
A30: Method | B30: 130095, 6" MFL4+DEF2+SMFL+XYZ | C30: DEF.MFL.SMFL.XYZ.06 | D30: TD Williamson, Inc | E30: 5/14/2024 8:52:23 AM | F30: Available | G30: 1 | H30: Available | I30: 107275 | J30: No | K30: Available | L30: Yes | M30: =_xlfn.TEXTBEFORE(B30, ",") -> 130095 | N30: =_xlfn.TEXTAFTER(B30, ",") -> 6" MFL4+DEF2+SMFL+XYZ | O30: =ISNUMBER(SEARCH("xyz", B30)) -> TRUE | S30: 6" MFL4+DEF2+SMFL+XYZ | T30: 130095
A31: Method | B31: 129713, 6" MDS FLEX MFL4+DEF2+XYZ | C31: FLEX.DEF.MFL.XYZ.06 | D31: TD Williamson, Inc | E31: 5/14/2024 10:38:18 AM | F31: Available | G31: 1 | H31: Available | I31: 107277 | J31: No | K31: Available | L31: Yes | M31: =_xlfn.TEXTBEFORE(B31, ",") -> 129713 | N31: =_xlfn.TEXTAFTER(B31, ",") -> 6" MDS FLEX MFL4+DEF2+XYZ | O31: =ISNUMBER(SEARCH("xyz", B31)) -> TRUE | S31: 6" MDS FLEX MFL4+DEF2+XYZ | T31: 129713
A32: Method | B32: 129654, 6" MFL+XYZ | C32: MFL.XYZ.06 | D32: TD Williamson, Inc | E32: 5/14/2024 11:00:18 AM | F32: Available | G32: 1 | H32: Available | I32: 107278 | J32: No | K32: Available | L32: Yes | M32: =_xlfn.TEXTBEFORE(B32, ",") -> 129654 | N32: =_xlfn.TEXTAFTER(B32, ",") -> 6" MFL+XYZ | O32: =ISNUMBER(SEARCH("xyz", B32)) -> TRUE | S32: 6" MFL+XYZ | T32: 129654
A33: Method | B33: 129655, 6" DEF+XYZ | C33: DEF.XYZ.06 | D33: TD Williamson, Inc | E33: 5/14/2024 10:58:55 AM | F33: Available | G33: 1 | H33: Available | I33: 107279 | J33: No | K33: Available | L33: Yes | M33: =_xlfn.TEXTBEFORE(B33, ",") -> 129655 | N33: =_xlfn.TEXTAFTER(B33, ",") -> 6" DEF+XYZ | O33: =ISNUMBER(SEARCH("xyz", B33)) -> TRUE | S33: 6" DEF+XYZ | T33: 129655
A34: Method | B34: 129658, 6" MFL (xHD) | C34: MFL.06 | D34: TD Williamson, Inc | E34: 8/30/2024 8:54:45 AM | F34: Available | G34: 1 | H34: Available | I34: 107624 | J34: No | K34: Available | L34: Yes | M34: =_xlfn.TEXTBEFORE(B34, ",") -> 129658 | N34: =_xlfn.TEXTAFTER(B34, ",") -> 6" MFL (xHD) | O34: =ISNUMBER(SEARCH("xyz", B34)) -> FALSE | S34: 6" MFL (xHD) | T34: 129658
A35: Method | B35: 104863, 8" DEF3 | C35: DEF.08 | D35: TD Williamson, Inc | E35: 4/17/2023 2:05:25 PM | F35: Available | G35: 1 | H35: Available | I35: 93097 | J35: No | K35: Available | L35: Yes | M35: =_xlfn.TEXTBEFORE(B35, ",") -> 104863 | N35: =_xlfn.TEXTAFTER(B35, ",") -> 8" DEF3 | O35: =ISNUMBER(SEARCH("xyz", B35)) -> FALSE | S35: 8" DEF3 | T35: 104863
A36: Method | B36: 106626, 8" DEF (NH3) | C36: DEF.08 | D36: TD Williamson, Inc | E36: 6/7/2017 5:21:21 PM | F36: Available | G36: 1 | H36: Available | I36: 93098 | J36: No | K36: Available | L36: Yes | M36: =_xlfn.TEXTBEFORE(B36, ",") -> 106626 | N36: =_xlfn.TEXTAFTER(B36, ",") -> 8" DEF (NH3) | O36: =ISNUMBER(SEARCH("xyz", B36)) -> FALSE | S36: 8" DEF (NH3) | T36: 106626
A37: Method | B37: 108323, 8" DEF3 (Short) | C37: DEF.08 | D37: TD Williamson, Inc | E37: 4/20/2023 8:17:49 AM | F37: Available | G37: 1 | H37: Available | I37: 93099 | J37: No | K37: Available | L37: Yes | M37: =_xlfn.TEXTBEFORE(B37, ",") -> 108323 | N37: =_xlfn.TEXTAFTER(B37, ",") -> 8" DEF3 (Short) | O37: =ISNUMBER(SEARCH("xyz", B37)) -> FALSE | S37: 8" DEF3 (Short) | T37: 108323
A38: Method | B38: 108563, 8" DEF (xHD) | C38: DEF.08 | D38: TD Williamson, Inc | E38: 4/17/2023 2:08:58 PM | F38: Available | G38: 1 | H38: Available | I38: 93100 | J38: No | K38: Available | L38: Yes | M38: =_xlfn.TEXTBEFORE(B38, ",") -> 108563 | N38: =_xlfn.TEXTAFTER(B38, ",") -> 8" DEF (xHD) | O38: =ISNUMBER(SEARCH("xyz", B38)) -> FALSE | S38: 8" DEF (xHD) | T38: 108563
A39: Method | B39: 106625, 8" MFL (3D, NH3) | C39: MFL.08 | D39: TD Williamson, Inc | E39: 4/17/2023 2:05:54 PM | F39: Available | G39: 1 | H39: Available | I39: 93102 | J39: No | K39: Available | L39: Yes | M39: =_xlfn.TEXTBEFORE(B39, ",") -> 106625 | N39: =_xlfn.TEXTAFTER(B39, ",") -> 8" MFL (3D, NH3) | O39: =ISNUMBER(SEARCH("xyz", B39)) -> FALSE | S39: 8" MFL (3D, NH3) | T39: 106625
A40: Method | B40: 108561, 8" MFL (xHD) | C40: MFL.08 | D40: TD Williamson, Inc | E40: 4/17/2023 2:08:23 PM | F40: Available | G40: 1 | H40: Available | I40: 93103 | J40: No | K40: Available | L40: Yes | M40: =_xlfn.TEXTBEFORE(B40, ",") -> 108561 | N40: =_xlfn.TEXTAFTER(B40, ",") -> 8" MFL (xHD) | O40: =ISNUMBER(SEARCH("xyz", B40)) -> FALSE | S40: 8" MFL (xHD) | T40: 108561
A41: Method | B41: 106998, 8" LGT+XYZ | C41: LGT.XYZ.08 | D41: TD Williamson, Inc | E41: 6/19/2017 3:00:43 PM | F41: Available | G41: 1 | H41: Available | I41: 94113 | J41: No | K41: Available | L41: Yes | M41: =_xlfn.TEXTBEFORE(B41, ",") -> 106998 | N41: =_xlfn.TEXTAFTER(B41, ",") -> 8" LGT+XYZ | O41: =ISNUMBER(SEARCH("xyz", B41)) -> TRUE | S41: 8" LGT+XYZ | T41: 106998
... A52: Method | B52: 114418, 8" MFL (1.5D) ATEX | C52: MFL.08 | D52: TD Williamson, Inc | E52: 4/17/2023 2:26:05 PM | F52: Available | G52: 1 | H52: Available | I52: 94350 | J52: No | K52: Available | L52: Yes | M52: =_xlfn.TEXTBEFORE(B52, ",") -> 114418 | N52: =_xlfn.TEXTAFTER(B52, ",") -> 8" MFL (1.5D) ATEX | O52: =ISNUMBER(SEARCH("xyz", B52)) -> FALSE | S52: 8" MFL (1.5D) ATEX | T52: 114418
A53: Method | B53: 08_650, 8" LGT | C53: LGT.08 | D53: TD Williamson, Inc | E53: 4/28/2023 3:12:02 PM | F53: Available | G53: 1 | H53: Available | I53: 94411 | J53: No | K53: Available | L53: Yes | M53: =_xlfn.TEXTBEFORE(B53, ",") -> 08_650 | N53: =_xlfn.TEXTAFTER(B53, ",") -> 8" LGT | O53: =ISNUMBER(SEARCH("xyz", B53)) -> FALSE | S53: 8" LGT | T53: 08_650
A54: Method | B54: 08_900, 8" MFL+DEF (xHD) | C54: DEF.MFL.08 | D54: TD Williamson, Inc | E54: 6/19/2017 3:55:22 PM | F54: Available | G54: 1 | H54: Available | I54: 94412 | J54: No | K54: Available | L54: Yes | M54: =_xlfn.TEXTBEFORE(B54, ",") -> 08_900 | N54: =_xlfn.TEXTAFTER(B54, ",") -> 8" MFL+DEF (xHD) | O54: =ISNUMBER(SEARCH("xyz", B54)) -> FALSE | S54: 8" MFL+DEF (xHD) | T54: 08_900
A55: Method | B55: 111884-01, 38" DEF (38-42) (xHD) | C55: DEF.38 | D55: TD Williamson, Inc | E55: 4/19/2023 3:56:20 PM | F55: Available | G55: 1 | H55: Available | I55: 94419 | J55: No | K55: Available | L55: Yes | M55: =_xlfn.TEXTBEFORE(B55, ",") -> 111884-01 | N55: =_xlfn.TEXTAFTER(B55, ",") -> 38" DEF (38-42) (xHD) | O55: =ISNUMBER(SEARCH("xyz", B55)) -> FALSE | S55: 38" DEF (38-42) (xHD) | T55: 111884-01
A56: Method | B56: 116950-01, 38" DEF ATEX | C56: DEF.38 | D56: TD Williamson, Inc | E56: 4/19/2023 3:56:46 PM | F56: Available | G56: 1 | H56: Available | I56: 94431 | J56: No | K56: Available | L56: Yes | M56: =_xlfn.TEXTBEFORE(B56, ",") -> 116950-01 | N56: =_xlfn.TEXTAFTER(B56, ",") -> 38" DEF ATEX | O56: =ISNUMBER(SEARCH("xyz", B56)) -> FALSE | S56: 38" DEF ATEX | T56: 116950-01
A57: Method | B57: 120054, 14.8" MFL (377 MM) | C57: MFL.14 | D57: TD Williamson, Inc | E57: 5/8/2023 9:22:21 AM | F57: Available | G57: 1 | H57: Available | I57: 96195 | J57: No | K57: Available | L57: Yes | M57: =_xlfn.TEXTBEFORE(B57, ",") -> 120054 | N57: =_xlfn.TEXTAFTER(B57, ",") -> 14.8" MFL (377 MM) | O57: =ISNUMBER(SEARCH("xyz", B57)) -> FALSE | S57: 14.8" MFL (377 MM) | T57: 120054
A58: Method | B58: 122500, 8" MFL5+DEF5+SMFL2+XYZ+LFM (V2) | C58: DEF.LFM.MFL.SMFL.XYZ.08 | D58: TD Williamson, Inc | E58: 4/24/2023 3:58:45 PM | F58: Available | G58: 1 | H58: Available | I58: 98506 | J58: No | K58: Available | L58: Yes | M58: =_xlfn.TEXTBEFORE(B58, ",") -> 122500 | N58: =_xlfn.TEXTAFTER(B58, ",") -> 8" MFL5+DEF5+SMFL2+XYZ+LFM (V2) | O58: =ISNUMBER(SEARCH("xyz", B58)) -> TRUE | S58: 8" MFL5+DEF5+SMFL2+XYZ+LFM (V2) | T58: 122500
A59: Method | B59: 122503, 8" MDS FLEX MFL5+DEF5+LFM (V2) | C59: FLEX.DEF.LFM.MFL.08 | D59: TD Williamson, Inc | E59: 4/17/2023 2:27:43 PM | F59: Available | G59: 1 | H59: Available | I59: 98523 | J59: No | K59: Available | L59: Yes | M59: =_xlfn.TEXTBEFORE(B59, ",") -> 122503 | N59: =_xlfn.TEXTAFTER(B59, ",") -> 8" MDS FLEX MFL5+DEF5+LFM (V2) | O59: =ISNUMBER(SEARCH("xyz", B59)) -> FALSE | S59: 8" MDS FLEX MFL5+DEF5+LFM (V2) | T59: 122503
A60: Method | B60: 122502, 8" MDS FLEX MFL5+DEF5+XYZ+LFM (V2) | C60: FLEXDEFLFMMFLXYZ.08 | D60: TD Williamson, Inc | E60: 5/22/2024 7:45:43 AM | F60: Available | G60: 1 | H60: Available | I60: 98524 | J60: No | K60: Available | L60: Yes | M60: =_xlfn.TEXTBEFORE(B60, ",") -> 122502 | N60: =_xlfn.TEXTAFTER(B60, ",") -> 8" MDS FLEX MFL5+DEF5+XYZ+LFM (V2) | O60: =ISNUMBER(SEARCH("xyz", B60)) -> TRUE | S60: 8" MDS FLEX MFL5+DEF5+XYZ+LFM (V2) | T60: 122502
A61: Method | B61: 122500, 8" MFL5+DEF5+SMFL2+XYZ+LFM (V2) | C61: DEF.LFM.MFL.SMFL.XYZ.08 | M61: =_xlfn.TEXTBEFORE(B61, ",") -> 122500 | N61: =_xlfn.TEXTAFTER(B61, ",") -> 8" MFL5+DEF5+SMFL2+XYZ+LFM (V2) | O61: =ISNUMBER(SEARCH("xyz", B61)) -> TRUE | S61: 8" MFL5+DEF5+SMFL2+XYZ+LFM (V2) | T61: 122500
A62: Method | B62: 122501, 8" MFL5+DEF5+SMFL2+LFM (V2) | C62: DEF.LFM.MFL.SMFL.08 | D62: TD Williamson, Inc | E62: 12/8/2023 2:41:02 PM | F62: Available | G62: 1 | H62: Available | I62: 98527 | J62: No | K62: Available | L62: Yes | M62: =_xlfn.TEXTBEFORE(B62, ",") -> 122501 | N62: =_xlfn.TEXTAFTER(B62, ",") -> 8" MFL5+DEF5+SMFL2+LFM (V2) | O62: =ISNUMBER(SEARCH("xyz", B62)) -> FALSE | S62: 8" MFL5+DEF5+SMFL2+LFM (V2) | T62: 122501
A63: Method | B63: 122972, 8" DEF+XYZ (NH3) | C63: DEF.XYZ.08 | D63: TD Williamson, Inc | E63: 4/17/2023 2:39:18 PM | F63: Available | G63: 1 | H63: Available | I63: 98786 | J63: No | K63: Available | L63: Yes | M63: =_xlfn.TEXTBEFORE(B63, ",") -> 122972 | N63: =_xlfn.TEXTAFTER(B63, ",") -> 8" DEF+XYZ (NH3) | O63: =ISNUMBER(SEARCH("xyz", B63)) -> TRUE | S63: 8" DEF+XYZ (NH3) | T63: 122972
A64: Method | B64: 123291, 8" GMFL+DEF (xHD) | C64: DEF.GMFL.08 | D64: TD Williamson, Inc | E64: 4/19/2023 11:40:12 AM | F64: Available | G64: 1 | H64: Available | I64: 100735 | J64: No | K64: Available | L64: Yes | M64: =_xlfn.TEXTBEFORE(B64, ",") -> 123291 | N64: =_xlfn.TEXTAFTER(B64, ",") -> 8" GMFL+DEF (xHD) | O64: =ISNUMBER(SEARCH("xyz", B64)) -> FALSE | S64: 8" GMFL+DEF (xHD) | T64: 123291
A65: Method | B65: 123925, 8" MDS FLEX MFL4+DEF+RES (V1) | C65: FLEX.DEF.MFL.RES.08 | D65: TD Williamson, Inc | E65: 4/19/2023 11:40:57 AM | F65: Available | G65: 1 | H65: Available | I65: 102127 | J65: No | K65: Available | L65: Yes | M65: =_xlfn.TEXTBEFORE(B65, ",") -> 123925 | N65: =_xlfn.TEXTAFTER(B65, ",") -> 8" MDS FLEX MFL4+DEF+RES (V1) | O65: =ISNUMBER(SEARCH("xyz", B65)) -> FALSE | S65: 8" MDS FLEX MFL4+DEF+RES (V1) | T65: 123925
A66: Method | B66: 123924, 8" MFL4+DEF+SMFL+RES (V1) | C66: DEF.MFL.RES.SMFL.08 | D66: TD Williamson, Inc | E66: 5/23/2025 9:21:02 AM | F66: Available | G66: 1 | H66: Available | I66: 102128 | J66: No | K66: Available | L66: Yes | M66: =_xlfn.TEXTBEFORE(B66, ",") -> 123924 | N66: =_xlfn.TEXTAFTER(B66, ",") -> 8" MFL4+DEF+SMFL+RES (V1) | O66: =ISNUMBER(SEARCH("xyz", B66)) -> FALSE | S66: 8" MFL4+DEF+SMFL+RES (V1) | T66: 123924
A67: Method | B67: 123926, 8" MFL4+DEF+SMFL+RES+XYZ (V1) | C67: DEF.MFL.RES.SMFL.XYZ.08 | D67: TD Williamson, Inc | E67: 4/25/2023 10:58:06 AM | F67: Available | G67: 1 | H67: Available | I67: 102129 | J67: No | K67: Available | L67: Yes | M67: =_xlfn.TEXTBEFORE(B67, ",") -> 123926 | N67: =_xlfn.TEXTAFTER(B67, ",") -> 8" MFL4+DEF+SMFL+RES+XYZ (V1) | O67: =ISNUMBER(SEARCH("xyz", B67)) -> TRUE | S67: 8" MFL4+DEF+SMFL+RES+XYZ (V1) | T67: 123926
A68: Method | B68: 124907, 8" Dual Drive SpirALL MFL+DEF+MFL4+RES | C68: DEF.MFL.RES.SMFL.08 | D68: TD Williamson, Inc | E68: 4/24/2023 4:01:38 PM | F68: Available | G68: 1 | H68: Available | I68: 104856 | J68: No | K68: Available | L68: Yes | M68: =_xlfn.TEXTBEFORE(B68, ",") -> 124907 | N68: =_xlfn.TEXTAFTER(B68, ",") -> 8" Dual Drive SpirALL MFL+DEF+MFL4+RES | O68: =ISNUMBER(SEARCH("xyz", B68)) -> FALSE | S68: 8" Dual Drive SpirALL MFL+DEF+MFL4+RES | T68: 124907
A69: Method | B69: 127126, 8" DEF+GMFL+XYZ (xHD) | C69: DEF.GMFL.XYZ.08 | D69: TD Williamson, Inc | E69: 4/19/2023 11:42:08 AM | F69: Available | G69: 1 | H69: Available | I69: 105243 | J69: No | K69: Available | L69: Yes | M69: =_xlfn.TEXTBEFORE(B69, ",") -> 127126 | N69: =_xlfn.TEXTAFTER(B69, ",") -> 8" DEF+GMFL+XYZ (xHD) | O69: =ISNUMBER(SEARCH("xyz", B69)) -> TRUE | S69: 8" DEF+GMFL+XYZ (xHD) | T69: 127126
A70: Method | B70: 129296, 8" MDS FLEX MFL4+DEF (V1) | C70: FLEX.DEF.MFL.V1.08 | D70: TD Williamson, Inc | E70: 5/8/2023 2:14:47 PM | F70: Available | G70: 1 | H70: Available | I70: 106170 | J70: No | K70: Available | L70: Yes | M70: =_xlfn.TEXTBEFORE(B70, ",") -> 129296 | N70: =_xlfn.TEXTAFTER(B70, ",") -> 8" MDS FLEX MFL4+DEF (V1) | O70: =ISNUMBER(SEARCH("xyz", B70)) -> FALSE | S70: 8" MDS FLEX MFL4+DEF (V1) | T70: 129296
A71: Method | B71: 129297, 8" MDS FLEX MFL4+DEF+XYZ (V1) | C71: FLEX.DEFMFLXYZ.V1.08 | D71: TD Williamson, Inc | E71: 5/1/2023 2:30:04 PM | F71: Available | G71: 1 | H71: Available | I71: 106171 | J71: No | K71: Available | L71: Yes | M71: =_xlfn.TEXTBEFORE(B71, ",") -> 129297 | N71: =_xlfn.TEXTAFTER(B71, ",") -> 8" MDS FLEX MFL4+DEF+XYZ (V1) | O71: =ISNUMBER(SEARCH("xyz", B71)) -> TRUE | S71: 8" MDS FLEX MFL4+DEF+XYZ (V1) | T71: 129297
A72: Method | B72: 129312, 8" MDS FLEX MFL5+DEF5 | C72: FLEX.DEF.MFL.V2.08 | D72: TD Williamson, Inc | E72: 5/8/2023 2:16:08 PM | F72: Available | G72: 1 | H72: Available | I72: 106208 | J72: No | K72: Available | L72: Yes | M72: =_xlfn.TEXTBEFORE(B72, ",") -> 129312 | N72: =_xlfn.TEXTAFTER(B72, ",") -> 8" MDS FLEX MFL5+DEF5 | O72: =ISNUMBER(SEARCH("xyz", B72)) -> FALSE | S72: 8" MDS FLEX MFL5+DEF5 | T72: 129312
A73: Method | B73: 129313, 8" MDS FLEX MFL5+DEF5+XYZ (V2) | C73: FLEX.DEFMFLXYZ.V2.08 | D73: TD Williamson, Inc | E73: 5/1/2023 2:31:18 PM | F73: Available | G73: 1 | H73: Available | I73: 106209 | J73: No | K73: Available | L73: Yes | M73: =_xlfn.TEXTBEFORE(B73, ",") -> 129313 | N73: =_xlfn.TEXTAFTER(B73, ",") -> 8" MDS FLEX MFL5+DEF5+XYZ (V2) | O73: =ISNUMBER(SEARCH("xyz", B73)) -> TRUE | S73: 8" MDS FLEX MFL5+DEF5+XYZ (V2) | T73: 129313
A74: Method | B74: 130598, 8" FLEX DEF+ULTRA RES MFL | C74: DEF.UMFL.V2.08 | D74: TD Williamson, Inc | E74: 10/3/2024 3:35:34 PM | F74: Available | G74: 1 | H74: Available | I74: 107692 | J74: No | K74: Available | L74: Yes | M74: =_xlfn.TEXTBEFORE(B74, ",") -> 130598 | N74: =_xlfn.TEXTAFTER(B74, ",") -> 8" FLEX DEF+ULTRA RES MFL | O74: =ISNUMBER(SEARCH("xyz", B74)) -> FALSE | S74: 8" FLEX DEF+ULTRA RES MFL | T74: 130598
A75: Method | B75: 130600, DEF+LFM+SMFL+ULTRA RES MFL+XYZ | C75: DEF.LFM.SMFL.UMFL.XYZ.V2.08 | D75: TD Williamson, Inc | M75: =_xlfn.TEXTBEFORE(B75, ",") -> 130600 | N75: =_xlfn.TEXTAFTER(B75, ",") -> DEF+LFM+SMFL+ULTRA RES MFL+XYZ | O75: =ISNUMBER(SEARCH("xyz", B75)) -> TRUE | S75: DEF+LFM+SMFL+ULTRA RES MFL+XYZ | T75: 130600
A76: Method | B76: 130601, 8" MDS™ PRO DEF7+LFM+ULTRA RES MFL+SMFL2 | C76: DEF.LFM.SMFL.UMFL.V2.08 | D76: TD Williamson, Inc | E76: 10/28/2025 1:22:26 PM | F76: Available | G76: 1 | H76: Available | I76: 107875 | J76: No | K76: Available | L76: Yes | M76: =_xlfn.TEXTBEFORE(B76, ",") -> 130601 | N76: =_xlfn.TEXTAFTER(B76, ",") -> 8" MDS™ PRO DEF7+LFM+ULTRA RES MFL+SMFL2 | O76: =ISNUMBER(SEARCH("xyz", B76)) -> FALSE | S76: 8" MDS™ PRO DEF7+LFM+ULTRA RES MFL+SMFL2 | T76: 130601
A77: Method | B77: 130602, MDS™ Flex DEF+LFM+Ultra Res MFL+XYZ 08" | C77: DEF.LFM.UMFL.XYZ.V2.08 | D77: TD Williamson, Inc | E77: 10/28/2025 1:23:54 PM | F77: Available | G77: 1 | H77: Available | I77: 107877 | J77: No | K77: Available | L77: Yes | M77: =_xlfn.TEXTBEFORE(B77, ",") -> 130602 | N77: =_xlfn.TEXTAFTER(B77, ",") -> MDS™ Flex DEF+LFM+Ultra Res MFL+XYZ 08" | O77: =ISNUMBER(SEARCH("xyz", B77)) -> TRUE | S77: MDS™ Flex DEF+LFM+Ultra Res MFL+XYZ 08" | T77: 130602
A78: Method | B78: 130603, Flex DEF+LFM+Ultra Res MFL 08" | C78: DEF.LFM.UMFL.V2.08 | D78: TD Williamson, Inc | E78: 10/28/2025 10:23:39 AM | F78: Available | G78: 1 | H78: Available | I78: 107878 | J78: No | K78: Available | L78: Yes | M78: =_xlfn.TEXTBEFORE(B78, ",") -> 130603 | N78: =_xlfn.TEXTAFTER(B78, ",") -> Flex DEF+LFM+Ultra Res MFL 08" | O78: =ISNUMBER(SEARCH("xyz", B78)) -> FALSE | S78: Flex DEF+LFM+Ultra Res MFL 08" | T78: 130603
A79: Method | B79: 130593, Pro 8" DEF+RES+SMFL+Ultra Res MFL+XYZ | C79: DEF.RES.SMFL.UMFL.XYZ.V1.08 | D79: TD Williamson, Inc | E79: 10/28/2025 1:23:43 PM | F79: Available | G79: 1 | H79: Available | I79: 107881 | J79: No | K79: Available | L79: Yes | M79: =_xlfn.TEXTBEFORE(B79, ",") -> 130593 | N79: =_xlfn.TEXTAFTER(B79, ",") -> Pro 8" DEF+RES+SMFL+Ultra Res MFL+XYZ | O79: =ISNUMBER(SEARCH("xyz", B79)) -> TRUE | S79: Pro 8" DEF+RES+SMFL+Ultra Res MFL+XYZ | T79: 130593
A80: Method | B80: 130595, 8" DEF+RES+Ultra Res MFL+XYZ 08" | C80: DEF.RES.UMFL.XYZ.V1.08 | D80: TD Williamson, Inc | E80: 10/28/2025 1:23:17 PM | F80: Available | G80: 1 | H80: Available | I80: 107883 | J80: No | K80: Available | L80: Yes | M80: =_xlfn.TEXTBEFORE(B80, ",") -> 130595 | N80: =_xlfn.TEXTAFTER(B80, ",") -> 8" DEF+RES+Ultra Res MFL+XYZ 08" | O80: =ISNUMBER(SEARCH("xyz", B80)) -> TRUE | S80: 8" DEF+RES+Ultra Res MFL+XYZ 08" | T80: 130595
A81: Method | B81: 130596, 8" DEF+RES+Ultra Res MFL 08" | C81: DEF.RES.UMFL.V1.08 | D81: TD Williamson, Inc | E81: 10/28/2025 1:23:28 PM | F81: Available | G81: 1 | H81: Available | I81: 107884 | J81: No | K81: Available | L81: Yes | M81: =_xlfn.TEXTBEFORE(B81, ",") -> 130596 | N81: =_xlfn.TEXTAFTER(B81, ",") -> 8" DEF+RES+Ultra Res MFL 08" | O81: =ISNUMBER(SEARCH("xyz", B81)) -> FALSE | S81: 8" DEF+RES+Ultra Res MFL 08" | T81: 130596
A82: Method | B82: 130597, 8" MDS FLEX DEF+Ultra Res MFL+XYZ, V2 | C82: DEF.UMFL.XYZ.V2.08 | D82: TD Williamson, Inc | E82: 10/28/2025 10:24:21 AM | F82: Available | G82: 1 | H82: Available | I82: 107885 | J82: No | K82: Available | L82: Yes | M82: =_xlfn.TEXTBEFORE(B82, ",") -> 130597 | N82: =_xlfn.TEXTAFTER(B82, ",") -> 8" MDS FLEX DEF+Ultra Res MFL+XYZ, V2 | O82: =ISNUMBER(SEARCH("xyz", B82)) -> TRUE | S82: 8" MDS FLEX DEF+Ultra Res MFL+XYZ, V2 | T82: 130597
A83: Method | B83: 130604, 8" DEF+Ultra Res MFL+XYZ | C83: DEF.UMFL.XYZ.V1.08 | D83: TD Williamson, Inc | E83: 10/28/2025 1:23:04 PM | F83: Available | G83: 1 | H83: Available | I83: 107886 | J83: No | K83: Available | L83: Yes | M83: =_xlfn.TEXTBEFORE(B83, ",") -> 130604 | N83: =_xlfn.TEXTAFTER(B83, ",") -> 8" DEF+Ultra Res MFL+XYZ | O83: =ISNUMBER(SEARCH("xyz", B83)) -> TRUE | S83: 8" DEF+Ultra Res MFL+XYZ | T83: 130604
A84: Method | B84: 130605, 8" DEF+Ultra Res MFL | C84: DEF.UMFL.V1.08 | D84: TD Williamson, Inc | E84: 2/14/2025 8:40:17 AM | F84: Available | G84: 1 | H84: Available | I84: 107887 | J84: No | K84: Available | L84: Yes | M84: =_xlfn.TEXTBEFORE(B84, ",") -> 130605 | N84: =_xlfn.TEXTAFTER(B84, ",") -> 8" DEF+Ultra Res MFL | O84: =ISNUMBER(SEARCH("xyz", B84)) -> FALSE | S84: 8" DEF+Ultra Res MFL | T84: 130605
A85: Method | B85: 130594, 8" DEF+RES+SMFL+ULTRA RES MFL, V1 | C85: DEF.RES.SMFL.UMFL.V1.08 | D85: TD Williamson, Inc | E85: 10/28/2025 12:58:01 PM | F85: Available | G85: 1 | H85: Available | I85: 108307 | J85: No | K85: Available | L85: Yes | M85: =_xlfn.TEXTBEFORE(B85, ",") -> 130594 | N85: =_xlfn.TEXTAFTER(B85, ",") -> 8" DEF+RES+SMFL+ULTRA RES MFL, V1 | O85: =ISNUMBER(SEARCH("xyz", B85)) -> FALSE | S85: 8" DEF+RES+SMFL+ULTRA RES MFL, V1 | T85: 130594
A86: Method | B86: 101050, 10" MFL (8" Batt, NH3) | C86: MFL.10 | D86: TD Williamson, Inc | E86: 4/19/2023 11:43:22 AM | F86: Available | G86: 1 | H86: Available | I86: 94025 | J86: No | K86: Available | L86: Yes | M86: =_xlfn.TEXTBEFORE(B86, ",") -> 101050 | N86: =_xlfn.TEXTAFTER(B86, ",") -> 10" MFL (8" Batt, NH3) | O86: =ISNUMBER(SEARCH("xyz", B86)) -> FALSE | S86: 10" MFL (8" Batt, NH3) | T86: 101050
A87: Method | B87: 103200, 12x10" GMFL | C87: GMFL.10.12 | D87: TD Williamson, Inc | E87: 4/19/2023 4:03:40 PM | F87: Available | G87: 1 | H87: Available | I87: 94046 | J87: No | K87: Available | L87: Yes | M87: =_xlfn.TEXTBEFORE(B87, ",") -> 103200 | N87: =_xlfn.TEXTAFTER(B87, ",") -> 12x10" GMFL | O87: =ISNUMBER(SEARCH("xyz", B87)) -> FALSE | S87: 12x10" GMFL | T87: 103200
... A103: Method | B103: 117308, 10" MFL+IDOD+DEF (NH3) | C103: DEF.MFL.10 | D103: TD Williamson, Inc | E103: 4/19/2023 11:49:52 AM | F103: Available | G103: 1 | H103: Available | I103: 94402 | J103: No | K103: Available | L103: Yes | M103: =_xlfn.TEXTBEFORE(B103, ",") -> 117308 | N103: =_xlfn.TEXTAFTER(B103, ",") -> 10" MFL+IDOD+DEF (NH3) | O103: =ISNUMBER(SEARCH("xyz", B103)) -> FALSE | S103: 10" MFL+IDOD+DEF (NH3) | T103: 117308
A104: Method | B104: 10_650, 10" LGT | C104: LGT.10 | D104: TD Williamson, Inc | E104: 4/28/2023 3:12:17 PM | F104: Available | G104: 1 | H104: Available | I104: 94415 | J104: No | K104: Available | L104: Yes | M104: =_xlfn.TEXTBEFORE(B104, ",") -> 10_650 | N104: =_xlfn.TEXTAFTER(B104, ",") -> 10" LGT | O104: =ISNUMBER(SEARCH("xyz", B104)) -> FALSE | S104: 10" LGT | T104: 10_650
A105: Method | B105: 119600, 10" (254 mm) | C105: EMAT.10 | D105: TD Williamson, Inc | E105: 6/19/2017 1:43:38 PM | F105: Available | G105: 1 | H105: Available | I105: 95105 | J105: No | K105: Available | L105: Yes | M105: =_xlfn.TEXTBEFORE(B105, ",") -> 119600 | N105: =_xlfn.TEXTAFTER(B105, ",") -> 10" (254 mm) | O105: =ISNUMBER(SEARCH("xyz", B105)) -> FALSE | S105: 10" (254 mm) | T105: 119600
A106: Method | B106: 120561, 10" MFL3+DEF+SMFL+RES | C106: DEF.MFL.RES.SMFL.10 | D106: TD Williamson, Inc | E106: 4/24/2023 3:57:21 PM | F106: Available | G106: 1 | H106: Available | I106: 96198 | J106: No | K106: Available | L106: Yes | M106: =_xlfn.TEXTBEFORE(B106, ",") -> 120561 | N106: =_xlfn.TEXTAFTER(B106, ",") -> 10" MFL3+DEF+SMFL+RES | O106: =ISNUMBER(SEARCH("xyz", B106)) -> FALSE | S106: 10" MFL3+DEF+SMFL+RES | T106: 120561
A107: Method | B107: 120640, 10" MFL3+DEF+SMFL+XYZ+RES | C107: DEF.MFL.RES.SMFL.XYZ.10 | D107: TD Williamson, Inc | E107: 4/24/2023 3:57:39 PM | F107: Available | G107: 1 | H107: Available | I107: 96199 | J107: No | K107: Available | L107: Yes | M107: =_xlfn.TEXTBEFORE(B107, ",") -> 120640 | N107: =_xlfn.TEXTAFTER(B107, ",") -> 10" MFL3+DEF+SMFL+XYZ+RES | O107: =ISNUMBER(SEARCH("xyz", B107)) -> TRUE | S107: 10" MFL3+DEF+SMFL+XYZ+RES | T107: 120640
A108: Method | B108: 119024, 10" MFL+DEF+XYZ (Dual Drive) | C108: DEF.MFL.XYZ.10 | D108: TD Williamson, Inc | E108: 5/8/2023 2:19:24 PM | F108: Available | G108: 1 | H108: Available | I108: 98602 | J108: No | K108: Available | L108: Yes | M108: =_xlfn.TEXTBEFORE(B108, ",") -> 119024 | N108: =_xlfn.TEXTAFTER(B108, ",") -> 10" MFL+DEF+XYZ (Dual Drive) | O108: =ISNUMBER(SEARCH("xyz", B108)) -> TRUE | S108: 10" MFL+DEF+XYZ (Dual Drive) | T108: 119024
A109: Method | B109: 122986, 10" DEF+XYZ NH3 | C109: DEF.XYZ.10 | D109: TD Williamson, Inc | E109: 4/19/2023 11:52:09 AM | F109: Available | G109: 1 | H109: Available | I109: 98787 | J109: No | K109: Available | L109: Yes | M109: =_xlfn.TEXTBEFORE(B109, ",") -> 122986 | N109: =_xlfn.TEXTAFTER(B109, ",") -> 10" DEF+XYZ NH3 | O109: =ISNUMBER(SEARCH("xyz", B109)) -> TRUE | S109: 10" DEF+XYZ NH3 | T109: 122986
A110: Method | B110: 129299, 10" MDS FLEX MFL3+DEF+XYZ | C110: FLEX.DEF.MFL.XYZ.10 | D110: TD Williamson, Inc | E110: 5/1/2023 2:35:14 PM | F110: Available | G110: 1 | H110: Available | I110: 106179 | J110: No | K110: Available | L110: Yes | M110: =_xlfn.TEXTBEFORE(B110, ",") -> 129299 | N110: =_xlfn.TEXTAFTER(B110, ",") -> 10" MDS FLEX MFL3+DEF+XYZ | O110: =ISNUMBER(SEARCH("xyz", B110)) -> TRUE | S110: 10" MDS FLEX MFL3+DEF+XYZ | T110: 129299
A111: Method | B111: 129298, 10" MDS FLEX MFL3+DEF | C111: FLEX.DEF.MFL.10 | D111: TD Williamson, Inc | E111: 5/1/2023 2:34:53 PM | F111: Available | G111: 1 | H111: Available | I111: 106180 | J111: No | K111: Available | L111: Yes | M111: =_xlfn.TEXTBEFORE(B111, ",") -> 129298 | N111: =_xlfn.TEXTAFTER(B111, ",") -> 10" MDS FLEX MFL3+DEF | O111: =ISNUMBER(SEARCH("xyz", B111)) -> FALSE | S111: 10" MDS FLEX MFL3+DEF | T111: 129298
A112: Method | B112: 129152, 10" MDS FLEX MFL3+DEF+RES+XYZ | C112: FLEXDEFMFLRESXYZ.10 | D112: TD Williamson, Inc | E112: 5/22/2024 7:52:45 AM | F112: Available | G112: 1 | H112: Available | I112: 106210 | J112: No | K112: Available | L112: Yes | M112: =_xlfn.TEXTBEFORE(B112, ",") -> 129152 | N112: =_xlfn.TEXTAFTER(B112, ",") -> 10" MDS FLEX MFL3+DEF+RES+XYZ | O112: =ISNUMBER(SEARCH("xyz", B112)) -> TRUE | S112: 10" MDS FLEX MFL3+DEF+RES+XYZ | T112: 129152
A113: Method | B113: 130611, 10" MDS FLEX DEF+ULTRA RES MFL | C113: DEF.UMFL.10 | D113: TD Williamson, Inc | E113: 6/9/2025 12:05:27 PM | F113: Available | G113: 1 | H113: Available | I113: 107691 | J113: No | K113: Available | L113: Yes | M113: =_xlfn.TEXTBEFORE(B113, ",") -> 130611 | N113: =_xlfn.TEXTAFTER(B113, ",") -> 10" MDS FLEX DEF+ULTRA RES MFL | O113: =ISNUMBER(SEARCH("xyz", B113)) -> FALSE | S113: 10" MDS FLEX DEF+ULTRA RES MFL | T113: 130611
A114: Method | B114: 130612, 10" MDS FLEX DEF+ULTRA RES MFL+XYZ | C114: DEF.UMFL.XYZ.10 | D114: TD Williamson, Inc | E114: 11/11/2024 1:28:09 PM | F114: Available | G114: 1 | H114: Available | I114: 107741 | J114: No | K114: Available | L114: Yes | M114: =_xlfn.TEXTBEFORE(B114, ",") -> 130612 | N114: =_xlfn.TEXTAFTER(B114, ",") -> 10" MDS FLEX DEF+ULTRA RES MFL+XYZ | O114: =ISNUMBER(SEARCH("xyz", B114)) -> TRUE | S114: 10" MDS FLEX DEF+ULTRA RES MFL+XYZ | T114: 130612
A115: Method | B115: 130614, 10" DEF+RES+ULTRA RES MFL+SMFL3+XYZ | C115: DEF.RES.SMFL.UMFL.XYZ.10 | D115: TD Williamson, Inc | E115: 12/1/2025 12:38:36 PM | F115: Available | G115: 1 | H115: Available | I115: 107796 | J115: No | K115: Available | L115: Yes | M115: =_xlfn.TEXTBEFORE(B115, ",") -> 130614 | N115: =_xlfn.TEXTAFTER(B115, ",") -> 10" DEF+RES+ULTRA RES MFL+SMFL3+XYZ | O115: =ISNUMBER(SEARCH("xyz", B115)) -> TRUE | S115: 10" DEF+RES+ULTRA RES MFL+SMFL3+XYZ | T115: 130614
A116: Method | B116: 130613, 10" MDS DEF+RES+ULTRA RES MFL+SMFL3 | C116: DEF.RES.SMFL.UMFL.10 | D116: TD Williamson, Inc | E116: 12/1/2025 12:39:07 PM | F116: Available | G116: 1 | H116: Available | I116: 107799 | J116: No | K116: Available | L116: Yes | M116: =_xlfn.TEXTBEFORE(B116, ",") -> 130613 | N116: =_xlfn.TEXTAFTER(B116, ",") -> 10" MDS DEF+RES+ULTRA RES MFL+SMFL3 | O116: =ISNUMBER(SEARCH("xyz", B116)) -> FALSE | S116: 10" MDS DEF+RES+ULTRA RES MFL+SMFL3 | T116: 130613
... A123: Method | B123: 108847, 12" LGT (12-14) (xHD) | C123: LGT.12 | D123: TD Williamson, Inc | E123: 4/19/2023 11:56:23 AM | F123: Available | G123: 1 | H123: Available | I123: 94137 | J123: No | K123: Available | L123: Yes | M123: =_xlfn.TEXTBEFORE(B123, ",") -> 108847 | N123: =_xlfn.TEXTAFTER(B123, ",") -> 12" LGT (12-14) (xHD) | O123: =ISNUMBER(SEARCH("xyz", B123)) -> FALSE | S123: 12" LGT (12-14) (xHD) | T123: 108847
A124: Method | B124: 108917, 12” MFL2+DEF2+SMFL2+XYZ+LFM | C124: DEF.LFM.MFL.SMFL.XYZ.12 | M124: =_xlfn.TEXTBEFORE(B124, ",") -> 108917 | N124: =_xlfn.TEXTAFTER(B124, ",") -> 12” MFL2+DEF2+SMFL2+XYZ+LFM | O124: =ISNUMBER(SEARCH("xyz", B124)) -> TRUE | S124: 12” MFL2+DEF2+SMFL2+XYZ+LFM | T124: 108917
A125: Method | B125: 110511, 12” MFL2+DEF2+SMFL2+LFM | C125: DEF.LFM.MFL.SMFL.12 | M125: =_xlfn.TEXTBEFORE(B125, ",") -> 110511 | N125: =_xlfn.TEXTAFTER(B125, ",") -> 12” MFL2+DEF2+SMFL2+LFM | O125: =ISNUMBER(SEARCH("xyz", B125)) -> FALSE | S125: 12” MFL2+DEF2+SMFL2+LFM | T125: 110511
A126: Method | B126: 108922, 12" MDS FLEX MFL2+DEF2+XYZ+LFM | C126: FLEXDEFLFMMFLXYZ.12 | D126: TD Williamson, Inc | E126: 5/22/2024 7:51:24 AM | F126: Available | G126: 1 | H126: Available | I126: 94140 | J126: No | K126: Available | L126: Yes | M126: =_xlfn.TEXTBEFORE(B126, ",") -> 108922 | N126: =_xlfn.TEXTAFTER(B126, ",") -> 12" MDS FLEX MFL2+DEF2+XYZ+LFM | O126: =ISNUMBER(SEARCH("xyz", B126)) -> TRUE | S126: 12" MDS FLEX MFL2+DEF2+XYZ+LFM | T126: 108922
A127: Method | B127: 108923, 12" MDS FLEX MFL2+DEF2+LFM | C127: FLEX.DEF.LFM.MFL.12 | D127: TD Williamson, Inc | E127: 4/19/2023 11:57:26 AM | F127: Available | G127: 1 | H127: Available | I127: 94141 | J127: No | K127: Available | L127: Yes | M127: =_xlfn.TEXTBEFORE(B127, ",") -> 108923 | N127: =_xlfn.TEXTAFTER(B127, ",") -> 12" MDS FLEX MFL2+DEF2+LFM | O127: =ISNUMBER(SEARCH("xyz", B127)) -> FALSE | S127: 12" MDS FLEX MFL2+DEF2+LFM | T127: 108923
A128: Method | B128: 109090, 12" GMFL+DEF (xHD) | C128: DEF.GMFL.12 | D128: TD Williamson, Inc | E128: 5/1/2023 2:38:03 PM | F128: Available | G128: 1 | H128: Available | I128: 94145 | J128: No | K128: Available | L128: Yes | M128: =_xlfn.TEXTBEFORE(B128, ",") -> 109090 | N128: =_xlfn.TEXTAFTER(B128, ",") -> 12" GMFL+DEF (xHD) | O128: =ISNUMBER(SEARCH("xyz", B128)) -> FALSE | S128: 12" GMFL+DEF (xHD) | T128: 109090
A129: Method | B129: 112100, 12" DEF ATEX | C129: DEF.12 | D129: TD Williamson, Inc | E129: 5/1/2023 2:38:17 PM | F129: Available | G129: 1 | H129: Available | I129: 94303 | J129: No | K129: Available | L129: Yes | M129: =_xlfn.TEXTBEFORE(B129, ",") -> 112100 | N129: =_xlfn.TEXTAFTER(B129, ",") -> 12" DEF ATEX | O129: =ISNUMBER(SEARCH("xyz", B129)) -> FALSE | S129: 12" DEF ATEX | T129: 112100
A130: Method | B130: 113938, 12" GMFL+DEF+XYZ ATEX | C130: DEF.GFML.XYZ.12 | D130: TD Williamson, Inc | E130: 5/1/2023 2:39:42 PM | F130: Available | G130: 1 | H130: Available | I130: 94337 | J130: No | K130: Available | L130: Yes | M130: =_xlfn.TEXTBEFORE(B130, ",") -> 113938 | N130: =_xlfn.TEXTAFTER(B130, ",") -> 12" GMFL+DEF+XYZ ATEX | O130: =ISNUMBER(SEARCH("xyz", B130)) -> TRUE | S130: 12" GMFL+DEF+XYZ ATEX | T130: 113938
A131: Method | B131: 113940, 12" MFL (10BAT Drive, xHD) | C131: MFL.12 | D131: TD Williamson, Inc | E131: 4/19/2023 11:59:50 AM | F131: Available | G131: 1 | H131: Available | I131: 94338 | J131: No | K131: Available | L131: Yes | M131: =_xlfn.TEXTBEFORE(B131, ",") -> 113940 | N131: =_xlfn.TEXTAFTER(B131, ",") -> 12" MFL (10BAT Drive, xHD) | O131: =ISNUMBER(SEARCH("xyz", B131)) -> FALSE | S131: 12" MFL (10BAT Drive, xHD) | T131: 113940
...

Sheet Alternative Tool Body Sheet
A1: Run Type | B1: Size | C1: Tool Body TAS Report | D1: Days to Turn | E1: Technology | F1: SF Item Describtion | G1: FSA Item Number | H1: FSA Tool Config Code
A2: DEF.04 | B2: =VALUE(_xlfn.TEXTAFTER(A2, ".", -1)) -> 4 | C2: 4 DEF | D2: 5 | E2: Legacy
A3: DEF.MFL.04 | B3: =VALUE(_xlfn.TEXTAFTER(A3, ".", -1)) -> 4 | C3: 4 MDS | D3: 5
A4: DEF2.MFL2.04 | B4: =VALUE(_xlfn.TEXTAFTER(A4, ".", -1)) -> 4 | C4: 4 MDS | D4: 5
A5: FLEX.DEF.MFL.04 | B5: =VALUE(_xlfn.TEXTAFTER(A5, ".", -1)) -> 4 | C5: 4 MDS | D5: 7
A6: MFL.04 | B6: =VALUE(_xlfn.TEXTAFTER(A6, ".", -1)) -> 4 | C6: 4 MFL | D6: 5
A7: DEF.UMFL.04 | B7: =VALUE(_xlfn.TEXTAFTER(A7, ".", -1)) -> 4 | C7: 4 MDS | D7: 7
A8: DEF.06 | B8: =VALUE(_xlfn.TEXTAFTER(A8, ".", -1)) -> 6 | C8: 6 DEF | D8: 5
A9: DEF.MFL.06 | B9: =VALUE(_xlfn.TEXTAFTER(A9, ".", -1)) -> 6 | C9: 6 DEF | D9: 5
A10: DEF.MFL.06 | B10: =VALUE(_xlfn.TEXTAFTER(A10, ".", -1)) -> 6 | C10: 6 MFL | D10: 5
A11: DEF.MFL.SMFL.06 | B11: =VALUE(_xlfn.TEXTAFTER(A11, ".", -1)) -> 6 | C11: 6 MDS | D11: 7
A12: DEF.MFL.XYZ.06 | B12: =VALUE(_xlfn.TEXTAFTER(A12, ".", -1)) -> 6 | C12: 6 DEF | D12: 5
A13: DEF.MFL.XYZ.06 | B13: =VALUE(_xlfn.TEXTAFTER(A13, ".", -1)) -> 6 | C13: 6 MFL | D13: 5
A14: DEF.XYZ.06 | B14: =VALUE(_xlfn.TEXTAFTER(A14, ".", -1)) -> 6 | C14: 6 DEF | D14: 5
... A55: FLEX.DEFMFLXYZ.V2.08 | B55: =VALUE(_xlfn.TEXTAFTER(A55, ".", -1)) -> 8 | C55: 8 MDS V2 | D55: 7
A56: FLEXDEFLFMMFLXYZ08 | B56: 8 | C56: 8 MDS V2 | D56: 7
A57: FLEXDEFMFLRESXYZ08 | B57: 8 | C57: 8 MDS V1 | D57: 7
A58: GMFL.08 | B58: =VALUE(_xlfn.TEXTAFTER(A58, ".", -1)) -> 8 | C58: 8 GMFL | D58: 5
A59: GMFL.XYZ.08 | B59: =VALUE(_xlfn.TEXTAFTER(A59, ".", -1)) -> 8 | C59: 8 GMFL | D59: 5
A60: LGT.08 | B60: =VALUE(_xlfn.TEXTAFTER(A60, ".", -1)) -> 8 | C60: 8/10 LGT | D60: 5
A61: LGT.XYZ.08 | B61: =VALUE(_xlfn.TEXTAFTER(A61, ".", -1)) -> 8 | C61: 8/10 LGT | D61: 5
A62: MFL.08 | B62: =VALUE(_xlfn.TEXTAFTER(A62, ".", -1)) -> 8 | C62: 8 MFL | D62: 5
A63: MFL.XYZ.08 | B63: =VALUE(_xlfn.TEXTAFTER(A63, ".", -1)) -> 8 | C63: 8 MFL | D63: 5
A64: DEF.MFL.SMFL.V1.08 | B64: =VALUE(_xlfn.TEXTAFTER(A64, ".", -1)) -> 8 | C64: 8 MDS V1 | D64: 7
A65: DEF.MFL.SMFL.XYZ.V1.08 | B65: =VALUE(_xlfn.TEXTAFTER(A65, ".", -1)) -> 8 | C65: 8 MDS V1 | D65: 7
A66: DEF.MFL.SMFL.V2.08 | B66: =VALUE(_xlfn.TEXTAFTER(A66, ".", -1)) -> 8 | C66: 8 MDS V2 | D66: 7
A67: DEF.MFL.SMFL.XYZ.V2.08 | B67: =VALUE(_xlfn.TEXTAFTER(A67, ".", -1)) -> 8 | C67: 8 MDS V2 | D67: 7
A68: DEF.LFM.SMFL.UMFL.08 | B68: =VALUE(_xlfn.TEXTAFTER(A68, ".", -1)) -> 8 | C68: 8 MDS V2 | D68: 7
A69: DEF.LFM.UMFL.08 | B69: =VALUE(_xlfn.TEXTAFTER(A69, ".", -1)) -> 8 | C69: 8 MDS V2 | D69: 7
... A104: FLEX.DEF.MFL.XYZ.10 | B104: =VALUE(_xlfn.TEXTAFTER(A104, ".", -1)) -> 10 | C104: 10 MDS | D104: 7
A105: FLEXDEFMFLRESXYZ10 | B105: 10 | C105: 10 MDS | D105: 7
A106: GMFL.10 | B106: =VALUE(_xlfn.TEXTAFTER(A106, ".", -1)) -> 10 | C106: 10 GMFL | D106: 5
A107: GMFL.XYZ.10 | B107: =VALUE(_xlfn.TEXTAFTER(A107, ".", -1)) -> 10 | C107: 10 GMFL | D107: 5
A108: LGT.10 | B108: =VALUE(_xlfn.TEXTAFTER(A108, ".", -1)) -> 10 | C108: 8/10 LGT | D108: 5
A109: MFL.10 | B109: =VALUE(_xlfn.TEXTAFTER(A109, ".", -1)) -> 10 | C109: 10 MFL | D109: 5
A110: MFL.XYZ.10 | B110: =VALUE(_xlfn.TEXTAFTER(A110, ".", -1)) -> 10 | C110: 10 MFL | D110: 5
A111: DEF.RES.SMFL.UMFL.10 | B111: =VALUE(_xlfn.TEXTAFTER(A111, ".", -1)) -> 10 | C111: 10 MDS | D111: 7
A112: DEF.RES.UMFL.10 | B112: =VALUE(_xlfn.TEXTAFTER(A112, ".", -1)) -> 10 | C112: 10 MDS | D112: 7
A113: DEF.RES.UMFL.XYZ.10 | B113: =VALUE(_xlfn.TEXTAFTER(A113, ".", -1)) -> 10 | C113: 10 MDS | D113: 7
A114: DEF.SMFL.UMFL.10 | B114: =VALUE(_xlfn.TEXTAFTER(A114, ".", -1)) -> 10 | C114: 10 MDS | D114: 7
A115: DEF.SMFL.UMFL.XYZ.10 | B115: =VALUE(_xlfn.TEXTAFTER(A115, ".", -1)) -> 10 | C115: 10 MDS | D115: 7
A116: DEF.UMFL.10 | B116: =VALUE(_xlfn.TEXTAFTER(A116, ".", -1)) -> 10 | C116: 10 MDS | D116: 7
A117: DEF.UMFL.XYZ.10 | B117: =VALUE(_xlfn.TEXTAFTER(A117, ".", -1)) -> 10 | C117: 10 MDS | D117: 7
... A139: FLEX.DEF.MFL.XYZ.12 | B139: =VALUE(_xlfn.TEXTAFTER(A139, ".", -1)) -> 12 | C139: 12 MDS | D139: 7
A140: FLEXDEFLFMMFLXYZ12 | B140: 12 | C140: 12 MDS | D140: 7
A141: GMFL.12 | B141: =VALUE(_xlfn.TEXTAFTER(A141, ".", -1)) -> 12 | C141: 12 GMFL | D141: 5
A142: GMFL.DD.10.12 | B142: =VALUE(_xlfn.TEXTAFTER(A142, ".", -1)) -> 12 | C142: 12/10 GMFL | D142: 5
A143: GMFL.XYZ.12 | B143: =VALUE(_xlfn.TEXTAFTER(A143, ".", -1)) -> 12 | C143: 12 GMFL | D143: 5
A144: LGT.12 | B144: =VALUE(_xlfn.TEXTAFTER(A144, ".", -1)) -> 12 | C144: 12/14 LGT | D144: 5
A145: MFL.12 | B145: =VALUE(_xlfn.TEXTAFTER(A145, ".", -1)) -> 12 | C145: 12/14 MFL | D145: 5
A146: MFL.XYZ.12 | B146: =VALUE(_xlfn.TEXTAFTER(A146, ".", -1)) -> 12 | C146: 12/14 MFL | D146: 5
A147: DEF.LFM.SMFL.UMFL.XYZ.12 | B147: =VALUE(_xlfn.TEXTAFTER(A147, ".", -1)) -> 12 | C147: 12 MDS | D147: 7
A148: DEF.UMFL.XYZ.12 | B148: =VALUE(_xlfn.TEXTAFTER(A148, ".", -1)) -> 12 | C148: 12 MDS | D148: 7
A149: DEF.UMFL.12 | B149: =VALUE(_xlfn.TEXTAFTER(A149, ".", -1)) -> 12 | C149: 12 MDS | D149: 7
A150: DEF.LFM.SMFL.UMFL.12 | B150: =VALUE(_xlfn.TEXTAFTER(A150, ".", -1)) -> 12 | C150: 12 MDS | D150: 7
A151: DEF.LFM.UMFL.12 | B151: =VALUE(_xlfn.TEXTAFTER(A151, ".", -1)) -> 12 | C151: 12 MDS | D151: 7
A152: DEF.LFM.UMFL.XYZ.12 | B152: =VALUE(_xlfn.TEXTAFTER(A152, ".", -1)) -> 12 | C152: 12 MDS | D152: 7
... A196: FLEX.DEF.MFL.XYZ.16 | B196: =VALUE(_xlfn.TEXTAFTER(A196, ".", -1)) -> 16 | C196: 16 MDS | D196: 7
A197: FLEXDEFLFMMFLXYZ16 | B197: 16 | C197: 16 MDS | D197: 7
A198: GMFL.16 | B198: =VALUE(_xlfn.TEXTAFTER(A198, ".", -1)) -> 16 | C198: 16 GMFL | D198: 5
A199: K360.16 | B199: =VALUE(_xlfn.TEXTAFTER(A199, ".", -1)) -> 16 | C199: 16/18 K360 | D199: 5
A200: MFL.16 | B200: =VALUE(_xlfn.TEXTAFTER(A200, ".", -1)) -> 16 | C200: 16/18 MFL | D200: 5
A201: MFL.XYZ.16 | B201: =VALUE(_xlfn.TEXTAFTER(A201, ".", -1)) -> 16 | C201: 16/18 MFL | D201: 5
A202: DEF.LFM.SMFL.UMFL.16 | B202: =VALUE(_xlfn.TEXTAFTER(A202, ".", -1)) -> 16 | C202: 16 MDS | D202: 7
A203: DEF.LFM.UMFL.16 | B203: =VALUE(_xlfn.TEXTAFTER(A203, ".", -1)) -> 16 | C203: 16 MDS | D203: 7
A204: DEF.LFM.UMFL.XYZ.16 | B204: =VALUE(_xlfn.TEXTAFTER(A204, ".", -1)) -> 16 | C204: 16 MDS | D204: 7
A205: DEF.SMFL.UMFL.16 | B205: =VALUE(_xlfn.TEXTAFTER(A205, ".", -1)) -> 16 | C205: 16 MDS | D205: 7
A206: DEF.SMFL.UMFL.XYZ.16 | B206: =VALUE(_xlfn.TEXTAFTER(A206, ".", -1)) -> 16 | C206: 16 MDS | D206: 7
A207: DEF.UMFL.16 | B207: =VALUE(_xlfn.TEXTAFTER(A207, ".", -1)) -> 16 | C207: 16 MDS | D207: 7
A208: DEF.UMFL.XYZ.16 | B208: =VALUE(_xlfn.TEXTAFTER(A208, ".", -1)) -> 16 | C208: 16 MDS | D208: 7
A209: DEFLFMSMFLUMFLXYZ.16 | B209: =VALUE(_xlfn.TEXTAFTER(A209, ".", -1)) -> 16 | C209: 16 MDS | D209: 7
... A244: FLEX.DEF.MFL.XYZ.20 | B244: =VALUE(_xlfn.TEXTAFTER(A244, ".", -1)) -> 20 | C244: 20/22 MDS | D244: 7
A245: FLEXDEFLFMMFLXYZ20 | B245: 20 | C245: 20/22 MDS | D245: 7
A246: GMFL.20 | B246: =VALUE(_xlfn.TEXTAFTER(A246, ".", -1)) -> 20 | C246: 20 GMFL | D246: 5
A247: GMFL.XYZ.20 | B247: =VALUE(_xlfn.TEXTAFTER(A247, ".", -1)) -> 20 | C247: 20 GMFL | D247: 5
A248: K360.20 | B248: =VALUE(_xlfn.TEXTAFTER(A248, ".", -1)) -> 20 | C248: 20/24 K360 | D248: 5
A249: MFL.20 | B249: =VALUE(_xlfn.TEXTAFTER(A249, ".", -1)) -> 20 | C249: 20/22 MFL | D249: 5
A250: DEF.LFM.SMFL.UMFL.20 | B250: =VALUE(_xlfn.TEXTAFTER(A250, ".", -1)) -> 20 | C250: 20/22 MDS | D250: 7
A251: DEF.LFM.UMFL.20 | B251: =VALUE(_xlfn.TEXTAFTER(A251, ".", -1)) -> 20 | C251: 20/22 MDS | D251: 7
A252: DEF.LFM.UMFL.XYZ.20 | B252: =VALUE(_xlfn.TEXTAFTER(A252, ".", -1)) -> 20 | C252: 20/22 MDS | D252: 7
A253: DEF.SMFL.UMFL.20 | B253: =VALUE(_xlfn.TEXTAFTER(A253, ".", -1)) -> 20 | C253: 20/22 MDS | D253: 7
A254: DEF.SMFL.UMFL.XYZ.20 | B254: =VALUE(_xlfn.TEXTAFTER(A254, ".", -1)) -> 20 | C254: 20/22 MDS | D254: 7
A255: DEF.UMFL.20 | B255: =VALUE(_xlfn.TEXTAFTER(A255, ".", -1)) -> 20 | C255: 20/22 MDS | D255: 7
A256: DEF.UMFL.XYZ.20 | B256: =VALUE(_xlfn.TEXTAFTER(A256, ".", -1)) -> 20 | C256: 20/22 MDS | D256: 7
A257: DEFLFMSMFLUMFLXYZ.20 | B257: =VALUE(_xlfn.TEXTAFTER(A257, ".", -1)) -> 20 | C257: 20/22 MDS | D257: 7
... A270: FLEX.DEF.MFL.XYZ.22 | B270: =VALUE(_xlfn.TEXTAFTER(A270, ".", -1)) -> 22 | C270: 20/22 MDS | D270: 7
A271: FLEXDEFLFMMFLXYZ22 | B271: 22 | C271: 20/22 MDS | D271: 7
A272: GMFL.22 | B272: =VALUE(_xlfn.TEXTAFTER(A272, ".", -1)) -> 22 | C272: 22/24 GMFL | D272: 5
A273: GMFL.XYZ.22 | B273: =VALUE(_xlfn.TEXTAFTER(A273, ".", -1)) -> 22 | C273: 22/24 GMFL | D273: 5
A274: MFL.22 | B274: =VALUE(_xlfn.TEXTAFTER(A274, ".", -1)) -> 22 | C274: 20/22 MFL | D274: 5
A275: DEF.LFM.MFL.SMFL.22 | B275: =VALUE(_xlfn.TEXTAFTER(A275, ".", -1)) -> 22 | C275: 20/22 MDS | D275: 7
A276: DEF.LFM.MFL.SMFL.XYZ.22 | B276: =VALUE(_xlfn.TEXTAFTER(A276, ".", -1)) -> 22 | C276: 20/22 MDS | D276: 7
A277: DEF.LFM.SMFL.UMFL.22 | B277: =VALUE(_xlfn.TEXTAFTER(A277, ".", -1)) -> 22 | C277: 20/22 MDS | D277: 7
A278: DEF.LFM.UMFL.22 | B278: =VALUE(_xlfn.TEXTAFTER(A278, ".", -1)) -> 22 | C278: 20/22 MDS | D278: 7
A279: DEF.LFM.UMFL.XYZ.22 | B279: =VALUE(_xlfn.TEXTAFTER(A279, ".", -1)) -> 22 | C279: 20/22 MDS | D279: 7
A280: DEF.SMFL.UMFL.22 | B280: =VALUE(_xlfn.TEXTAFTER(A280, ".", -1)) -> 22 | C280: 20/22 MDS | D280: 7
A281: DEF.SMFL.UMFL.XYZ.22 | B281: =VALUE(_xlfn.TEXTAFTER(A281, ".", -1)) -> 22 | C281: 20/22 MDS | D281: 7
A282: DEF.UMFL.22 | B282: =VALUE(_xlfn.TEXTAFTER(A282, ".", -1)) -> 22 | C282: 20/22 MDS | D282: 7
A283: DEF.UMFL.XYZ.22 | B283: =VALUE(_xlfn.TEXTAFTER(A283, ".", -1)) -> 22 | C283: 20/22 MDS | D283: 7
... A301: FLEX.DEF.MFL.XYZ.24 | B301: =VALUE(_xlfn.TEXTAFTER(A301, ".", -1)) -> 24 | C301: 24 MDS | D301: 7
...

Sheet Asset Export From Madeline
A1: Asset = Serial Number = Alias | C1: Will care most about Asset Types That are NOT Tool Configuration | D1: Model = Item Number = Part Number | E1: Available means not assigned to a work order in progress. Will care most about 'Needs Repair' 'In Quarantine'
A2: Asset | B2: Name | C2: Asset type | D2: Model | E2: Current lifecycle state | F2: Functional location | G2: Home Functional Location
A3: 04_001 | B3: 4" MFL | C3: Tool Configuration | D3: 04_001 | E3: Available | F3: Salt Lake City - PI Service Center | G3: Salt Lake City - PI
A4: 04_001-HOU1 | B4: 4" MFL | C4: Tool Configuration | D4: 04_001 | E4: Available | F4: Houston - PI Service Center | G4: Houston - PI Service
A5: 04_001-HOU2 | B5: 4" MFL | C5: Tool Configuration | D5: 04_001 | E5: Available | F5: Houston - PI Service Center | G5: Houston - PI Service
A6: 04_001-HOU3 | B6: 4" MFL | C6: Tool Configuration | D6: 04_001 | E6: Available | F6: Houston - PI Service Center | G6: Houston - PI Service
A7: 04_001-HOU4 | B7: 4" MFL | C7: Tool Configuration | D7: 04_001 | E7: Available | F7: Houston - PI Service Center | G7: Houston - PI Service
A8: 04_001-HOU5 | B8: 4" MFL | C8: Tool Configuration | D8: 04_001 | E8: Available | F8: Houston - PI Service Center | G8: Houston - PI Service
A9: 04_001-HOU6 | B9: 4" MFL | C9: Tool Configuration | D9: 04_001 | E9: Available | F9: Houston - PI Service Center | G9: Houston - PI Service
A10: 04_001-HOU7 | B10: 4" MFL | C10: Tool Configuration | D10: 04_001 | E10: Available | F10: Houston - PI Service Center | G10: Houston - PI Service
A11: 04_001-SLC1 | B11: 4" MFL | C11: Tool Configuration | D11: 04_001 | E11: Available | F11: Salt Lake City - PI Service Center | G11: Salt Lake City - PI
A12: 04_001-SLC2 | B12: 4" MFL | C12: Tool Configuration | D12: 04_001 | E12: Available | F12: Salt Lake City - PI Service Center | G12: Salt Lake City - PI
A13: 04_001-SLC3 | B13: 4" MFL | C13: Tool Configuration | D13: 04_001 | E13: Available | F13: Salt Lake City - PI Service Center | G13: Salt Lake City - PI
... A3621: 445204 | B3621: MODULE, IMU, LN-200C | C3621: IMU | D3621: 204009 | E3621: Available | F3621: Houston - PI Service Center | G3621: Houston - PI Service
A3622: Air Compressor Insp-HOU | B3622: Air Compressor | C3622: General MaintObject | E3622: Maintenance Object | F3622: Houston - Service Center MaintenanceObjects | G3622: Houston - PI Service
A3623: Air Compressor Insp-SLC | B3623: Air Compressor | C3623: General MaintObject | E3623: Maintenance Object | F3623: Salt Lake City - MaintenanceObjects | G3623: Salt Lake City - PI
A3624: Air Compressor Insp-TUL | B3624: Air Compressor | C3624: General MaintObject | E3624: Maintenance Object | F3624: Tulsa - Service Center MaintenanceObjects | G3624: Tulsa - PI Service C
A3625: Bench Grinders & Chops Saw-HOU | B3625: Bench Grinders & Chops Saw | C3625: General MaintObject | E3625: Maintenance Object | F3625: Houston - Service Center MaintenanceObjects | G3625: Houston - PI Service
A3626: Bench Grinders & Chops Saw-SLC | B3626: Bench Grinders & Chops Saw | C3626: General MaintObject | E3626: Maintenance Object | F3626: Salt Lake City - MaintenanceObjects | G3626: Salt Lake City - PI
A3627: Bench Grinders & Chops Saw-TUL | B3627: Bench Grinders & Chops Saw | C3627: General MaintObject | E3627: Maintenance Object | F3627: Tulsa - Service Center MaintenanceObjects | G3627: Tulsa - PI Service C
A3628: Fire Extinguishers Insp-HOU | B3628: Fire Extinguishers | C3628: General MaintObject | E3628: Maintenance Object | F3628: Houston - Service Center MaintenanceObjects | G3628: Houston - PI Service
A3629: Fire Extinguishers Insp-SLC | B3629: Fire Extinguishers | C3629: General MaintObject | E3629: Maintenance Object | F3629: Salt Lake City - MaintenanceObjects | G3629: Salt Lake City - PI
A3630: Fire Extinguishers Insp-TUL | B3630: Fire Extinguishers | C3630: General MaintObject | E3630: Maintenance Object | F3630: Tulsa - Service Center MaintenanceObjects | G3630: Tulsa - PI Service C
A3631: Forklift Inspection-HOU | B3631: Forklift | C3631: Forklift | E3631: Maintenance Object | F3631: Houston - Service Center MaintenanceObjects | G3631: Houston - PI Service
A3632: Forklift Inspection-SLC | B3632: Forklift | C3632: Forklift | E3632: Maintenance Object | F3632: Salt Lake City - MaintenanceObjects | G3632: Salt Lake City - PI
A3633: Forklift Inspection-TUL | B3633: Forklift | C3633: Forklift | E3633: Maintenance Object | F3633: Tulsa - Service Center MaintenanceObjects | G3633: Tulsa - PI Service C
... A3654: Solvent Tank Change-TUL | B3654: Solvent Tank | C3654: General MaintObject | E3654: Maintenance Object | F3654: Tulsa - Service Center MaintenanceObjects | G3654: Tulsa - PI Service C
A3655: SYS-I000357-002 | B3655: MODULE, IMU, IMAR | C3655: IMU | D3655: 113103 | E3655: Unavailable | F3655: Salt Lake City - PI Service Center | G3655: Salt Lake City - PI
A3656: TA000008 | B3656: ASSY, ENDPLATE, CPU, FRONT, xHD, DEF, 20-24" | C3656: CPU | D3656: 109314 | E3656: Unavailable | F3656: Houston - PI Service Center | G3656: Houston - PI Service
A3657: TA000012 | B3657: ASSY, ENDPLATE, CPU, REAR, xHD, GDEF, 16" | C3657: CPU | D3657: 109078 | E3657: Available | F3657: Salt Lake City - PI Service Center | G3657: Salt Lake City - PI
A3658: TA000013 | B3658: ASSY, ENDPLATE, IMU, DEF, 16" | C3658: MAP | D3658: 109173 | E3658: Unavailable | F3658: Tulsa - PI Service Center | G3658: Tulsa - PI Service C
A3659: TA000014 | B3659: ASSY, ENDPLATE, TRANSMITTER, 16" | C3659: XMIT | D3659: 107166 | E3659: Available | F3659: Houston - PI Service Center | G3659: Houston - PI Service
A3660: TA000015 | B3660: ASSY, MAGNETIZER, GMFL, xHD, 16" | C3660: GMFL | D3660: 109250 | E3660: Available | F3660: Houston - PI Service Center | G3660: Houston - PI Service
A3661: TA000016 | B3661: ASSY, CANISTER BODY, DEF_XYZ, 16" | C3661: MGDEF | D3661: 109113 | E3661: Unavailable | F3661: Tulsa - PI Service Center | G3661: Tulsa - PI Service C
A3662: TA000017 | B3662: ASSY, BATTERY, BI-DI, 8" | C3662: BATT | D3662: 111738 | E3662: Unavailable | F3662: Salt Lake City - PI Service Center | G3662: Salt Lake City - PI
A3663: TA000020 | B3663: ASSY, CANISTER BODY, DEF_XYZ, 16" | C3663: MGDEF | D3663: 109113 | E3663: Available | F3663: Tulsa - PI Service Center | G3663: Tulsa - PI Service C
A3664: TA000021 | B3664: ASSY, ENDPLATE, IMU, DEF, 16" | C3664: MAP | D3664: 109173 | E3664: Available | F3664: Tulsa - PI Service Center | G3664: Tulsa - PI Service C
A3665: TA000022 | B3665: ASSY, ENDPLATE, CPU, REAR, xHD, GDEF, 18" | C3665: CPU | D3665: 112539 | E3665: Available | F3665: Salt Lake City - PI Service Center | G3665: Houston - PI Service
A3666: TA000023 | B3666: ASSY, CANISTER, MAGNETIZER, GMFL, 18" | C3666: GMFL | D3666: 112078 | E3666: Available | F3666: Salt Lake City - PI Service Center | G3666: Houston - PI Service
... A4002: TA001589 | B4002: ASSY, ENDPLATE, POWER PACK, SHORT, 10" | C4002: BATT | D4002: 116394 | E4002: Available | F4002: Tulsa - PI Service Center | G4002: Tulsa - PI Service C

Sheet Tool Body By Method
A1: Size | B1: Tool Name (Short) | C1: Tool Name Full | D1: Tool Config | E1: Component | F1: Component Name | G1: Other Tool Name | H1: With mapping Tool Config | I1: Long Name w/ Mapping | L1: Component Name | M1: MFL
A2: 4 | B2: 4" Def | C2: 4" DEF. DAA ASSY | D2: 04_600 | E2: 04_105 | F2: DRV
A3: 4 | B3: 4" Def | C3: 4" DEF. DAA ASSY | D3: 04_600 | E3: 04_610 | F3: DEF | L3: Row Labels | M3: Count of Tool Name Full
A4: 4 | B4: 4" Def | C4: 4" DEF. DAA ASSY | D4: 04_600 | E4: 04_632 | F4: CPU | L4: 4 | M4: 2
A5: 4 | B5: 4" Def | C5: 4" DEF. DAA ASSY | D5: 04_600 | E5: 118517 | F5: BAT | L5: 118211 | M5: 1
A6: 4 | B6: 4" Def | C6: 4" DEF. DAA ASSY | D6: 04_600 | E6: 112402 | F6: XMIT | L6: 04_200 | M6: 1
A7: 4 | B7: 4"MFL | C7: 4" AMAG ASSY (MFL) | D7: 04_001 | E7: 04_105 | F7: DRV | L7: 6 | M7: 5
A8: 4 | B8: 4"MFL | C8: 4" AMAG ASSY (MFL) | D8: 04_001 | E8: 04_200 | F8: MFL | L8: 112174 | M8: 2
A9: 4 | B9: 4"MFL | C9: 4" AMAG ASSY (MFL) | D9: 04_001 | E9: 112502 | F9: CPU | L9: 06_201 | M9: 2
A10: 4 | B10: 4"MFL | C10: 4" AMAG ASSY (MFL) | D10: 04_001 | E10: 118517 | F10: BAT | L10: N/A | M10: 1
A11: 4 | B11: 4"MFL | C11: 4" AMAG ASSY (MFL) | D11: 04_001 | E11: 112402 | F11: XMIT | L11: 8
A12: 4 | B12: 4" MDS | C12: 4" MDS COMBO | D12: 121771 | E12: 118107 | F12: DRV | G12: 4" MDS FLEX MFL2+DEF2+IDOD | L12: 114560
A13: 4 | B13: 4" MDS | C13: 4" MDS COMBO | D13: 121771 | E13: 116490 | F13: DEF | G13: 4" MDS FLEX MFL2+DEF2+IDOD | L13: 121003
A14: 4 | B14: 4" MDS | C14: 4" MDS COMBO | D14: 121771 | E14: 117949 | F14: CPU | G14: 4" MDS FLEX MFL2+DEF2+IDOD | L14: 08_215
A15: 4 | B15: 4" MDS | C15: 4" MDS COMBO | D15: 121771 | E15: 121753 | F15: BAT | G15: 4" MDS FLEX MFL2+DEF2+IDOD | L15: 10 | M15: 2
A16: 4 | B16: 4" MDS | C16: 4" MDS COMBO | D16: 121771 | E16: 118211 | F16: MFL | G16: 4" MDS FLEX MFL2+DEF2+IDOD | L16: 108081 | M16: 1
A17: 4 | B17: 4" MDS | C17: 4" MDS COMBO | D17: 121771 | E17: 118113 | F17: XMIT | G17: 4" MDS FLEX MFL2+DEF2+IDOD | L17: 10_201 | M17: 1
A18: 4 | B18: 4" NH3 | C18: 4" NH3 | D18: 115675 | E18: 04_105 | F18: DRV | L18: 12 | M18: 4
A19: 4 | B19: 4" NH3 | C19: 4" NH3 | D19: 115675 | E19: 04_610 | F19: DEF | L19: 113097 | M19: 2
A20: 4 | B20: 4" NH3 | C20: 4" NH3 | D20: 115675 | E20: 115338 | F20: CPU | L20: 129645 | M20: 1
A21: 4 | B21: 4" NH3 | C21: 4" NH3 | D21: 115675 | E21: 118520 | F21: BAT | L21: 12_201 | M21: 1
A22: 4 | B22: 4" NH3 | C22: 4" NH3 | D22: 115675 | E22: 118520 | F22: BAT | L22: 16 | M22: 2
A23: 4 | B23: 4" NH3 | C23: 4" NH3 | D23: 115675 | E23: 115390 | F23: XMIT | L23: 108959 | M23: 1
A24: 6 | B24: 6" Def | C24: 6" DEF. DAA ASSY HD | D24: 06_6000 | E24: 06_605 | F24: DRV | G24: 6" DEF (1.5D) | H24: 122975 | I24: 6" DEF+XYZ | L24: 16_202 | M24: 1
A25: 6 | B25: 6" Def | C25: 6" DEF. DAA ASSY HD | D25: 06_6000 | E25: 06_6001 | F25: DEF | G25: 6" DEF (1.5D) | L25: 20 | M25: 2
A26: 6 | B26: 6" Def | C26: 6" DEF. DAA ASSY HD | D26: 06_6000 | E26: 105639 | F26: CPU | G26: 6" DEF (1.5D) | L26: 105850 | M26: 1
A27: 6 | B27: 6" Def | C27: 6" DEF. DAA ASSY HD | D27: 06_6000 | E27: 116958 | F27: BAT | G27: 6" DEF (1.5D) | L27: 111283 | M27: 1
A28: 6 | B28: 6" Def | C28: 6" DEF. DAA ASSY HD | D28: 06_6000 | E28: 113729 | F28: XMIT | G28: 6" DEF (1.5D) | L28: 24 | M28: 1
A29: 6 | B29: 6" Def | C29: 6" DEF. DAA ASSY HD | D29: 06_6000 | E29: 122983 | F29: MCPU | G29: 6" DEF (1.5D) | L29: 110710 | M29: 1
A30: 6 | B30: 6" Def | C30: 6" DEF. DAA ASSY XHD | D30: 126981 | E30: 06_605 | F30: DRV | G30: 6" DEF (xHD) | H30: n/a | L30: 26 | M30: 1
A31: 6 | B31: 6" Def | C31: 6" DEF. DAA ASSY XHD | D31: 126981 | E31: 06_6001 | F31: DEF | G31: 6" DEF (xHD) | L31: 110710 | M31: 1
A32: 6 | B32: 6" Def | C32: 6" DEF. DAA ASSY XHD | D32: 126981 | E32: 116553 | F32: CPU | G32: 6" DEF (xHD) | L32: 30 | M32: 1
A33: 6 | B33: 6" Def | C33: 6" DEF. DAA ASSY XHD | D33: 126981 | E33: 116958 | F33: BAT | G33: 6" DEF (xHD) | L33: 115091 | M33: 1
A34: 6 | B34: 6" Def | C34: 6" DEF. DAA ASSY XHD | D34: 126981 | E34: 124785 | F34: XMIT | G34: 6" DEF (xHD) | L34: Grand Total | M34: 20
A35: 6 | B35: 6" Def | C35: 6" DEF. DAA ASSY XHD | D35: 126981 | E35: 122983 | F35: MCPU | G35: 6" DEF (xHD)
A36: 6 | B36: 6" MFL | C36: 6" AMAG ASSY (MFL3) HD NoXMIT | D36: 106496 | E36: 106487 | F36: DRV | G36: 6" MFL+DEF (xHD) | H36: 119403 | I36: 6" MFL5+XYZ
A37: 6 | B37: 6" MFL | C37: 6" AMAG ASSY (MFL3) HD NoXMIT | D37: 106496 | E37: N/A | F37: MFL
A38: 6 | B38: 6" MFL | C38: 6" AMAG ASSY (MFL3) HD NoXMIT | D38: 106496 | E38: 106498 | F38: CPU
A39: 6 | B39: 6" MFL | C39: 6" AMAG ASSY (MFL3) HD NoXMIT | D39: 106496 | E39: 105941 | F39: MCPU
A40: 6 | B40: 6" MFL | C40: 6" AMAG ASSY (MFL3) HD NoXMIT | D40: 106496 | E40: 117860 | F40: BATT
A41: 6 | B41: 6" MFL | C41: 6" AMAG ASSY (MFL3) HD NoXMIT | D41: 106496 | E41: 116399-01 | F41: BATT
A42: 6 | B42: 6" MFL | C42: 6" AMAG ASSY (MFL3) HD NoXMIT | D42: 106496 | E42: 100238 | F42: XMIT
A43: 6 | B43: 6" MFL | C43: 6" AMAG ASSY (MFL5) | D43: 116459 | E43: 06_605 | F43: DRV | G43: 6" MFL+DEF+XYZ (xHD) | H43: 127231
A44: 6 | B44: 6" MFL | C44: 6" AMAG ASSY (MFL5) | D44: 116459 | E44: 06_201 | F44: MFL
A45: 6 | B45: 6" MFL | C45: 6" AMAG ASSY (MFL5) | D45: 116459 | E45: 116553 | F45: CPU
A46: 6 | B46: 6" MFL | C46: 6" AMAG ASSY (MFL5) | D46: 116459 | E46: 116764 | F46: BAT
A47: 6 | B47: 6" MFL | C47: 6" AMAG ASSY (MFL5) | D47: 116459 | E47: 116937 | F47: XMIT
A48: 6 | B48: 6" LGT | C48: 6" LGT & K360 | D48: 105681 | E48: 103821 | F48: DRV
A49: 6 | B49: 6" LGT | C49: 6" LGT & K360 | D49: 105681 | E49: 105683 | F49: DEF
A50: 6 | B50: 6" LGT | C50: 6" LGT & K360 | D50: 105681 | E50: 103837 | F50: CPU
A51: 6 | B51: 6" LGT | C51: 6" LGT & K360 | D51: 105681 | E51: 118517 | F51: BAT
A52: 6 | B52: 6" LGT | C52: 6" LGT & K360 | D52: 105681 | E52: 103834 | F52: XMIT
A53: 6 | B53: 6" MDS PRO | C53: 6" MDS PRO | D53: 112200-01-01-01-01 | E53: 112231 | F53: DRV | G53: DEF.MFL.SMFL.06 | H53: 130095 | I53: DEF.MFL.SMFL.XYZ.06
A54: 6 | B54: 6" MDS PRO | C54: 6" MDS PRO | D54: 112200-01-01-01-01 | E54: 112231 | F54: DRV
A55: 6 | B55: 6" MDS PRO | C55: 6" MDS PRO | D55: 112200-01-01-01-01 | E55: 113045 | F55: SMFL
A56: 6 | B56: 6" MDS PRO | C56: 6" MDS PRO | D56: 112200-01-01-01-01 | E56: 112196 | F56: SMFL 2
A57: 6 | B57: 6" MDS PRO | C57: 6" MDS PRO | D57: 112200-01-01-01-01 | E57: 113039 | F57: DEF Fr Plate
A58: 6 | B58: 6" MDS PRO | C58: 6" MDS PRO | D58: 112200-01-01-01-01 | E58: 112707 | F58: DEF
A59: 6 | B59: 6" MDS PRO | C59: 6" MDS PRO | D59: 112200-01-01-01-01 | E59: 112713 | F59: BATT
A60: 6 | B60: 6" MDS PRO | C60: 6" MDS PRO | D60: 112200-01-01-01-01 | E60: 112174 | F60: MFL
A61: 6 | B61: 6" MDS PRO | C61: 6" MDS PRO | D61: 112200-01-01-01-01 | E61: 129712 | F61: MLOG
A62: 6 | B62: 6" MDS PRO | C62: 6" MDS PRO | D62: 112200-01-01-01-01 | E62: 129825 | F62: BATT
A63: 6 | B63: 6" MDS Flex | C63: 6" MDS Flex | D63: 112200-01-00-01-01 | E63: 112231 | F63: DRV | G63: FLEX.DEF.MFL.06 | H63: 129713 | I63: FLEX.DEF.MFL.XYZ.06
A64: 6 | B64: 6" MDS Flex | C64: 6" MDS Flex | D64: 112200-01-00-01-01 | E64: 112231 | F64: DRV
A65: 6 | B65: 6" MDS Flex | C65: 6" MDS Flex | D65: 112200-01-00-01-01 | E65: 113039 | F65: DEF Fr Plate
A66: 6 | B66: 6" MDS Flex | C66: 6" MDS Flex | D66: 112200-01-00-01-01 | E66: 112707 | F66: DEF
A67: 6 | B67: 6" MDS Flex | C67: 6" MDS Flex | D67: 112200-01-00-01-01 | E67: 112713 | F67: BATT
A68: 6 | B68: 6" MDS Flex | C68: 6" MDS Flex | D68: 112200-01-00-01-01 | E68: 112174 | F68: MFL
A69: 6 | B69: 6" NH3 | C69: 6" NH3 | D69: 102783 | E69: 113239 | F69: DRV
A70: 6 | B70: 6" NH3 | C70: 6" NH3 | D70: 102783 | E70: 102784 | F70: DEF
A71: 6 | B71: 6" NH3 | C71: 6" NH3 | D71: 102783 | E71: 107216 | F71: CPU
A72: 6 | B72: 6" NH3 | C72: 6" NH3 | D72: 102783 | E72: 117168 | F72: BAT
A73: 6 | B73: 6" NH3 | C73: 6" NH3 | D73: 102783 | E73: 107221 | F73: XMIT
A74: 6 | B74: 6" MFL (NH3) | C74: 6" MFL (NH3) | D74: 06_002 | E74: 113239 | F74: DRV
A75: 6 | B75: 6" MFL (NH3) | C75: 6" MFL (NH3) | D75: 06_002 | E75: 06_201 | F75: MFL
A76: 6 | B76: 6" MFL (NH3) | C76: 6" MFL (NH3) | D76: 06_002 | E76: 110269 | F76: CPU
A77: 6 | B77: 6" MFL (NH3) | C77: 6" MFL (NH3) | D77: 06_002 | E77: 117168 | F77: BAT
A78: 6 | B78: 6" MFL (NH3) | C78: 6" MFL (NH3) | D78: 06_002 | E78: 107221 | F78: XMIT
A79: 6 | B79: 6" MFL+DEF (NH3) | D79: 113403 | J79: not config on Home Tool Sheet
A80: 8 | B80: 8" DEF | D80: 108563 | E80: 104146 | F80: DRV
A81: 8 | B81: 8" DEF | D81: 108563 | E81: 108564 | F81: DEF
A82: 8 | B82: 8" DEF | D82: 108563 | E82: 108342 | F82: CPU
A83: 8 | B83: 8" DEF | D83: 108563 | E83: 116394 | F83: BAT
A84: 8 | B84: 8" DEF | D84: 108563 | E84: 109528 | F84: XMIT
A85: 8 | B85: 8" DEF | D85: 108563 | E85: 104013 | F85: MCPU
A86: 8 | B86: 8" GMFL | D86: 112056 | E86: 101437 | F86: DRV
A87: 8 | B87: 8" GMFL | D87: 112056 | E87: 109401 | F87: GMFL
A88: 8 | B88: 8" GMFL | D88: 112056 | E88: 108532 | F88: CPU
A89: 8 | B89: 8" GMFL | D89: 112056 | E89: 116461 | F89: BAT
A90: 8 | B90: 8" GMFL | D90: 112056 | E90: 109919 | F90: XMIT
A91: 8 | B91: 8" GMFL | D91: 112056 | E91: 102058 | F91: MCPU
A92: 8 | B92: 8" MFL | D92: 108561 | E92: 104146 | F92: DRV
A93: 8 | B93: 8" MFL | D93: 108561 | E93: 08_215 | F93: MFL
A94: 8 | B94: 8" MFL | D94: 108561 | E94: 108342 | F94: CPU
A95: 8 | B95: 8" MFL | D95: 108561 | E95: 116394 | F95: BAT
A96: 8 | B96: 8" MFL | D96: 108561 | E96: 109528 | F96: XMIT
A97: 8 | B97: 8" MDS V1 | D97: 123926 | E97: 106682 | F97: DRV
A98: 8 | B98: 8" MDS V1 | D98: 123926 | E98: 110180 | F98: 2nd DRV
A99: 8 | B99: 8" MDS V1 | D99: 123926 | E99: 122013 | F99: SMFL
A100: 8 | B100: 8" MDS V1 | D100: 123926 | E100: 106762 | F100: CPU
...

Sheet Sheet1
A1: Model # | B1: Tool Body | C1: Tool Size | D1: Technology
A2: 04_610 | B2: DEF | C2: 4 | D2: Legacy
A3: 04_200 | B3: MFL | C3: 4 | D3: Legacy
A4: 118211 | B4: MFL | C4: 4 | D4: MDS
A5: 112174 | B5: MFL | C5: 6 | D5: MDS
A6: 113045 | B6: SMFL | C6: 6 | D6: MDS
A7: 110255 | B7: DEF | C7: 8 | D7: MDS
A8: 109401 | B8: GMFL | C8: 8 | D8: Legacy
A9: 108557 | B9: GMFL | C9: 10 | D9: Legacy
A10: 111201 | B10: EMAT | C10: 10 | D10: EMAT
A11: … | B11: … | C11: … | D11: …
